"","ID","SEX","SumAbsent","DAYN","STAGE","SUNT","PercentAbsent"
"1","84-1-1-840406",1,619,-3,1,618,1.00161812297735
"2","84-1-1-840406",2,104,-3,1,618,0.168284789644013
"3","84-1-1-840406",12,9,-3,1,618,0.0145631067961165
"4","84-1-1-840412",1,560,3,2,608,0.921052631578947
"5","84-1-1-840412",12,0,3,2,608,0
"6","84-1-1-840518",1,677,5,3,617,1.09724473257699
"7","84-1-1-840518",2,23,5,3,617,0.0372771474878444
"8","84-1-1-840518",12,1,5,3,617,0.00162074554294976
"9","84-1-1-840418",1,515,9,2,558,0.922939068100358
"10","84-1-1-840418",2,152,9,2,558,0.272401433691756
"11","84-1-1-840418",12,0,9,2,558,0
"12","84-1-1-840524",1,575,11,3,612,0.939542483660131
"13","84-1-1-840524",2,66,11,3,612,0.107843137254902
"14","84-1-1-840524",12,0,11,3,612,0
"15","84-1-1-840424",1,477,15,2,548,0.87043795620438
"16","84-1-1-840424",2,47,15,2,548,0.0857664233576642
"17","84-1-1-840424",12,0,15,2,548,0
"18","84-1-1-840530",1,584,17,3,608,0.960526315789474
"19","84-1-1-840530",2,89,17,3,608,0.146381578947368
"20","84-1-1-840530",12,0,17,3,608,0
"21","84-1-1-840430",1,600,21,2,639,0.938967136150235
"22","84-1-1-840430",2,76,21,2,639,0.118935837245696
"23","84-1-1-840430",12,0,21,2,639,0
"24","84-1-1-840605",1,673,23,3,605,1.11239669421488
"25","84-1-1-840605",2,399,23,3,605,0.659504132231405
"26","84-1-1-840605",12,81,23,3,605,0.133884297520661
"27","84-1-1-840506",1,482,27,2,631,0.763866877971474
"28","84-1-1-840506",2,62,27,2,631,0.098256735340729
"29","84-1-1-840506",12,0,27,2,631,0
"30","84-1-1-840611",1,707,29,3,603,1.17247097844113
"31","84-1-1-840611",2,510,29,3,603,0.845771144278607
"32","84-1-1-840611",12,80,29,3,603,0.132669983416252
"33","84-1-1-840512",1,686,0,3,624,1.09935897435897
"34","84-1-1-840512",2,15,0,3,624,0.0240384615384615
"35","84-1-1-840512",12,0,0,3,624,0
"36","84-1-2-840410",1,468,3,2,611,0.765957446808511
"37","84-1-2-840410",2,103,3,2,611,0.168576104746318
"38","84-1-2-840410",12,0,3,2,611,0
"39","84-1-2-840516",1,479,5,3,619,0.773828756058158
"40","84-1-2-840516",2,13,5,3,619,0.0210016155088853
"41","84-1-2-840516",12,0,5,3,619,0
"42","84-1-2-840416",1,392,9,2,601,0.652246256239601
"43","84-1-2-840416",2,41,9,2,601,0.0682196339434276
"44","84-1-2-840416",12,0,9,2,601,0
"45","84-1-2-840522",1,708,11,3,613,1.15497553017945
"46","84-1-2-840522",2,130,11,3,613,0.212071778140294
"47","84-1-2-840522",12,22,11,3,613,0.0358890701468189
"48","84-1-2-840422",1,435,15,2,551,0.789473684210526
"49","84-1-2-840422",2,2,15,2,551,0.00362976406533575
"50","84-1-2-840422",12,0,15,2,551,0
"51","84-1-2-840528",1,499,17,3,609,0.819376026272578
"52","84-1-2-840528",2,428,17,3,609,0.702791461412151
"53","84-1-2-840528",12,347,17,3,609,0.569786535303777
"54","84-1-2-840428",1,349,21,2,542,0.643911439114391
"55","84-1-2-840428",2,244,21,2,542,0.450184501845018
"56","84-1-2-840428",12,0,21,2,542,0
"57","84-1-2-840603",1,503,23,3,605,0.831404958677686
"58","84-1-2-840603",2,421,23,3,605,0.695867768595041
"59","84-1-2-840603",12,328,23,3,605,0.542148760330578
"60","84-1-2-840504",1,495,27,2,634,0.780757097791798
"61","84-1-2-840504",2,217,27,2,634,0.342271293375394
"62","84-1-2-840504",12,1,27,2,634,0.00157728706624606
"63","84-1-2-840609",1,579,29,3,604,0.958609271523179
"64","84-1-2-840609",2,610,29,3,604,1.00993377483444
"65","84-1-2-840609",12,383,29,3,604,0.634105960264901
"66","84-1-2-840510",1,413,33,2,626,0.659744408945687
"67","84-1-2-840510",2,125,33,2,626,0.199680511182109
"68","84-1-2-840510",12,1,33,2,626,0.00159744408945687
"69","84-1-2-840615",1,857,35,3,603,1.4212271973466
"70","84-1-2-840615",2,570,35,3,603,0.945273631840796
"71","84-1-2-840615",12,194,35,3,603,0.321724709784411
"72","84-1-3-840407",1,476,-3,1,616,0.772727272727273
"73","84-1-3-840407",12,0,-3,1,616,0
"74","84-1-3-840413",1,314,3,2,606,0.518151815181518
"75","84-1-3-840413",2,102,3,2,606,0.168316831683168
"76","84-1-3-840413",12,0,3,2,606,0
"77","84-1-3-840519",1,555,5,3,616,0.900974025974026
"78","84-1-3-840519",2,70,5,3,616,0.113636363636364
"79","84-1-3-840519",12,11,5,3,616,0.0178571428571429
"80","84-1-3-840419",1,461,9,2,556,0.829136690647482
"81","84-1-3-840419",2,175,9,2,556,0.314748201438849
"82","84-1-3-840419",12,0,9,2,556,0
"83","84-1-3-840525",1,567,11,3,611,0.927986906710311
"84","84-1-3-840525",2,374,11,3,611,0.612111292962357
"85","84-1-3-840525",12,223,11,3,611,0.364975450081833
"86","84-1-3-840425",1,589,15,2,547,1.07678244972578
"87","84-1-3-840425",12,0,15,2,547,0
"88","84-1-3-840531",1,438,17,3,607,0.72158154859967
"89","84-1-3-840531",2,398,17,3,607,0.655683690280066
"90","84-1-3-840531",12,12,17,3,607,0.0197693574958814
"91","84-1-3-840501",1,240,21,2,638,0.376175548589342
"92","84-1-3-840501",2,268,21,2,638,0.420062695924765
"93","84-1-3-840501",12,0,21,2,638,0
"94","84-1-3-840606",1,399,23,3,604,0.660596026490066
"95","84-1-3-840606",2,260,23,3,604,0.43046357615894
"96","84-1-3-840606",12,113,23,3,604,0.187086092715232
"97","84-1-3-840507",1,327,27,2,630,0.519047619047619
"98","84-1-3-840507",2,222,27,2,630,0.352380952380952
"99","84-1-3-840507",12,3,27,2,630,0.00476190476190476
"100","84-1-3-840612",1,766,29,3,603,1.27031509121061
"101","84-1-3-840612",2,210,29,3,603,0.348258706467662
"102","84-1-3-840612",12,0,29,3,603,0
"103","84-1-3-840513",1,426,33,2,622,0.684887459807074
"104","84-1-3-840513",2,40,33,2,622,0.0643086816720257
"105","84-1-3-840513",12,0,33,2,622,0
"106","84-1-3-840618",1,679,35,3,603,1.12603648424544
"107","84-1-3-840618",2,553,35,3,603,0.917081260364842
"108","84-1-3-840618",12,186,35,3,603,0.308457711442786
"109","84-1-4-840509",1,581,0,3,627,0.926634768740032
"110","84-1-4-840509",2,64,0,3,627,0.10207336523126
"111","84-1-4-840509",12,1,0,3,627,0.00159489633173844
"112","84-1-4-840409",1,285,3,2,613,0.464926590538336
"113","84-1-4-840409",2,43,3,2,613,0.0701468189233279
"114","84-1-4-840409",12,0,3,2,613,0
"115","84-1-4-840513",1,276,5,3,622,0.443729903536977
"116","84-1-4-840513",2,18,5,3,622,0.0289389067524116
"117","84-1-4-840513",12,0,5,3,622,0
"118","84-1-4-840415",1,520,9,2,603,0.862354892205638
"119","84-1-4-840415",2,139,9,2,603,0.230514096185738
"120","84-1-4-840415",12,0,9,2,603,0
"121","84-1-4-840521",1,581,11,3,614,0.946254071661238
"122","84-1-4-840521",2,133,11,3,614,0.216612377850163
"123","84-1-4-840521",12,85,11,3,614,0.138436482084691
"124","84-1-4-840421",1,572,15,2,553,1.03435804701627
"125","84-1-4-840421",2,126,15,2,553,0.227848101265823
"126","84-1-4-840421",12,0,15,2,553,0
"127","84-1-4-840527",1,666,17,3,610,1.09180327868852
"128","84-1-4-840527",2,59,17,3,610,0.0967213114754098
"129","84-1-4-840527",12,0,17,3,610,0
"130","84-1-4-840427",1,405,21,2,544,0.744485294117647
"131","84-1-4-840427",2,127,21,2,544,0.233455882352941
"132","84-1-4-840427",12,0,21,2,544,0
"133","84-1-4-840602",1,551,23,3,606,0.909240924092409
"134","84-1-4-840602",2,96,23,3,606,0.158415841584158
"135","84-1-4-840602",12,39,23,3,606,0.0643564356435644
"136","84-1-4-840503",1,424,27,2,635,0.667716535433071
"137","84-1-4-840503",2,260,27,2,635,0.409448818897638
"138","84-1-4-840503",12,0,27,2,635,0
"139","84-1-4-840608",1,717,29,3,604,1.18708609271523
"140","84-1-4-840608",2,100,29,3,604,0.165562913907285
"141","84-1-4-840608",12,13,29,3,604,0.021523178807947
"142","84-1-4-840614",1,718,35,3,603,1.19071310116086
"143","84-1-4-840614",2,408,35,3,603,0.676616915422886
"144","84-1-4-840614",12,204,35,3,603,0.338308457711443
"145","84-2-5-840416",1,768,3,2,601,1.27787021630616
"146","84-2-5-840416",2,2,3,2,601,0.00332778702163062
"147","84-2-5-840416",12,0,3,2,601,0
"148","84-2-5-840522",1,574,5,3,613,0.936378466557912
"149","84-2-5-840522",2,21,5,3,613,0.034257748776509
"150","84-2-5-840522",12,22,5,3,613,0.0358890701468189
"151","84-2-5-840422",1,179,9,2,551,0.32486388384755
"152","84-2-5-840422",2,60,9,2,551,0.108892921960073
"153","84-2-5-840422",12,0,9,2,551,0
"154","84-2-5-840528",1,435,11,3,609,0.714285714285714
"155","84-2-5-840528",12,0,11,3,609,0
"156","84-2-5-840428",1,228,15,2,542,0.420664206642066
"157","84-2-5-840428",2,27,15,2,542,0.0498154981549815
"158","84-2-5-840428",12,0,15,2,542,0
"159","84-2-5-840603",1,616,17,3,605,1.01818181818182
"160","84-2-5-840603",2,246,17,3,605,0.406611570247934
"161","84-2-5-840603",12,119,17,3,605,0.196694214876033
"162","84-2-5-840504",1,202,21,2,634,0.318611987381703
"163","84-2-5-840504",2,179,21,2,634,0.282334384858044
"164","84-2-5-840504",12,0,21,2,634,0
"165","84-2-5-840609",1,436,23,3,604,0.721854304635762
"166","84-2-5-840609",2,363,23,3,604,0.600993377483444
"167","84-2-5-840609",12,40,23,3,604,0.0662251655629139
"168","84-2-5-840510",1,372,27,2,626,0.594249201277955
"169","84-2-5-840510",2,26,27,2,626,0.0415335463258786
"170","84-2-5-840510",12,1,27,2,626,0.00159744408945687
"171","84-2-5-840615",1,476,29,3,603,0.7893864013267
"172","84-2-5-840615",2,632,29,3,603,1.04809286898839
"173","84-2-5-840615",12,440,29,3,603,0.729684908789386
"174","84-2-5-840516",1,378,33,2,619,0.610662358642973
"175","84-2-5-840516",12,0,33,2,619,0
"176","84-2-6-840427",1,525,0,3,544,0.965073529411765
"177","84-2-6-840427",2,77,0,3,544,0.141544117647059
"178","84-2-6-840427",12,1,0,3,544,0.00183823529411765
"179","84-2-6-840503",1,648,5,3,635,1.02047244094488
"180","84-2-6-840503",2,28,5,3,635,0.0440944881889764
"181","84-2-6-840503",12,0,5,3,635,0
"182","84-2-6-840509",1,681,11,3,627,1.08612440191388
"183","84-2-6-840509",2,13,11,3,627,0.0207336523125997
"184","84-2-6-840509",12,0,11,3,627,0
"185","84-2-6-840515",1,263,17,3,620,0.424193548387097
"186","84-2-6-840515",2,151,17,3,620,0.243548387096774
"187","84-2-6-840515",12,24,17,3,620,0.0387096774193548
"188","84-2-6-840415",1,505,21,2,603,0.837479270315091
"189","84-2-6-840415",2,234,21,2,603,0.388059701492537
"190","84-2-6-840415",12,0,21,2,603,0
"191","84-2-6-840521",1,419,23,3,614,0.682410423452769
"192","84-2-6-840521",2,59,23,3,614,0.0960912052117264
"193","84-2-6-840521",12,0,23,3,614,0
"194","84-2-6-840421",1,357,27,2,553,0.645569620253165
"195","84-2-6-840421",2,70,27,2,553,0.126582278481013
"196","84-2-6-840421",12,0,27,2,553,0
"197","84-2-6-840527",1,558,29,3,610,0.914754098360656
"198","84-2-6-840527",2,352,29,3,610,0.577049180327869
"199","84-2-6-840527",12,76,29,3,610,0.124590163934426
"200","84-2-6-840602",1,246,35,3,606,0.405940594059406
"201","84-2-6-840602",2,204,35,3,606,0.336633663366337
"202","84-2-6-840602",12,1,35,3,606,0.00165016501650165
"203","84-2-7-840507",1,494,5,3,630,0.784126984126984
"204","84-2-7-840507",2,176,5,3,630,0.279365079365079
"205","84-2-7-840507",12,0,5,3,630,0
"206","84-2-7-840407",1,418,9,2,616,0.678571428571429
"207","84-2-7-840407",2,37,9,2,616,0.0600649350649351
"208","84-2-7-840407",12,0,9,2,616,0
"209","84-2-7-840515",1,456,11,3,620,0.735483870967742
"210","84-2-7-840515",2,55,11,3,620,0.0887096774193548
"211","84-2-7-840515",12,0,11,3,620,0
"212","84-2-7-840413",1,556,15,2,606,0.917491749174917
"213","84-2-7-840413",2,220,15,2,606,0.363036303630363
"214","84-2-7-840413",12,0,15,2,606,0
"215","84-2-7-840519",1,509,17,3,616,0.826298701298701
"216","84-2-7-840519",2,497,17,3,616,0.806818181818182
"217","84-2-7-840519",12,169,17,3,616,0.274350649350649
"218","84-2-7-840419",1,476,21,2,556,0.856115107913669
"219","84-2-7-840419",12,0,21,2,556,0
"220","84-2-7-840525",1,558,23,3,611,0.913256955810147
"221","84-2-7-840525",2,682,23,3,611,1.11620294599018
"222","84-2-7-840525",12,391,23,3,611,0.639934533551555
"223","84-2-7-840425",1,440,27,2,547,0.804387568555759
"224","84-2-7-840425",2,115,27,2,547,0.210237659963437
"225","84-2-7-840425",12,0,27,2,547,0
"226","84-2-7-840531",1,821,29,3,607,1.35255354200988
"227","84-2-7-840531",2,435,29,3,607,0.7166392092257
"228","84-2-7-840531",12,211,29,3,607,0.347611202635914
"229","84-2-7-840501",1,354,33,2,638,0.554858934169279
"230","84-2-7-840501",2,85,33,2,638,0.133228840125392
"231","84-2-7-840501",12,0,33,2,638,0
"232","84-2-7-840606",1,418,35,3,604,0.69205298013245
"233","84-2-7-840606",2,328,35,3,604,0.543046357615894
"234","84-2-7-840606",12,92,35,3,604,0.152317880794702
"235","84-2-8-840512",1,715,5,3,624,1.14583333333333
"236","84-2-8-840512",12,0,5,3,624,0
"237","84-2-8-840518",1,356,11,3,617,0.576985413290113
"238","84-2-8-840518",2,206,11,3,617,0.33387358184765
"239","84-2-8-840518",12,22,11,3,617,0.0356564019448947
"240","84-2-8-840524",1,596,17,3,612,0.973856209150327
"241","84-2-8-840524",2,317,17,3,612,0.51797385620915
"242","84-2-8-840524",12,82,17,3,612,0.133986928104575
"243","84-2-8-840424",1,289,21,2,548,0.527372262773723
"244","84-2-8-840424",12,0,21,2,548,0
"245","84-2-8-840530",1,487,23,3,608,0.800986842105263
"246","84-2-8-840530",2,256,23,3,608,0.421052631578947
"247","84-2-8-840530",12,0,23,3,608,0
"248","84-2-8-840430",1,245,27,2,639,0.383411580594679
"249","84-2-8-840430",2,27,27,2,639,0.0422535211267606
"250","84-2-8-840430",12,0,27,2,639,0
"251","84-2-8-840605",1,667,29,3,605,1.10247933884298
"252","84-2-8-840605",2,220,29,3,605,0.363636363636364
"253","84-2-8-840605",12,154,29,3,605,0.254545454545455
"254","84-2-8-840506",1,514,33,2,631,0.814580031695721
"255","84-2-8-840506",12,0,33,2,631,0
"256","84-2-8-840611",1,642,35,3,603,1.06467661691542
"257","84-2-8-840611",2,96,35,3,603,0.159203980099502
"258","84-2-8-840611",12,0,35,3,603,0
"259","85-1-1-850325",1,585,-9,1,640,0.9140625
"260","85-1-1-850325",2,43,-9,1,640,0.0671875
"261","85-1-1-850325",12,0,-9,1,640,0
"262","85-1-1-850331",1,557,-3,1,629,0.885532591414944
"263","85-1-1-850331",2,144,-3,1,629,0.228934817170111
"264","85-1-1-850331",12,0,-3,1,629,0
"265","85-1-1-850406",1,395,3,2,618,0.63915857605178
"266","85-1-1-850406",2,139,3,2,618,0.224919093851133
"267","85-1-1-850406",12,95,3,2,618,0.153721682847896
"268","85-1-1-850512",1,639,5,3,624,1.02403846153846
"269","85-1-1-850512",2,45,5,3,624,0.0721153846153846
"270","85-1-1-850512",12,0,5,3,624,0
"271","85-1-1-850412",1,355,9,2,608,0.583881578947368
"272","85-1-1-850412",2,195,9,2,608,0.320723684210526
"273","85-1-1-850412",12,0,9,2,608,0
"274","85-1-1-850518",1,767,11,3,617,1.24311183144246
"275","85-1-1-850518",2,12,11,3,617,0.0194489465153971
"276","85-1-1-850518",12,0,11,3,617,0
"277","85-1-1-850418",1,273,15,2,558,0.489247311827957
"278","85-1-1-850418",2,162,15,2,558,0.290322580645161
"279","85-1-1-850418",12,0,15,2,558,0
"280","85-1-1-850524",1,872,17,3,612,1.42483660130719
"281","85-1-1-850524",2,455,17,3,612,0.743464052287582
"282","85-1-1-850524",12,110,17,3,612,0.179738562091503
"283","85-1-1-850424",1,401,21,2,548,0.731751824817518
"284","85-1-1-850424",2,94,21,2,548,0.171532846715328
"285","85-1-1-850424",12,0,21,2,548,0
"286","85-1-1-850530",1,672,23,3,608,1.10526315789474
"287","85-1-1-850530",2,263,23,3,608,0.432565789473684
"288","85-1-1-850530",12,117,23,3,608,0.192434210526316
"289","85-1-1-850430",1,382,27,2,639,0.597809076682316
"290","85-1-1-850430",2,71,27,2,639,0.111111111111111
"291","85-1-1-850430",12,0,27,2,639,0
"292","85-1-1-850605",1,861,29,3,605,1.42314049586777
"293","85-1-1-850605",2,286,29,3,605,0.472727272727273
"294","85-1-1-850605",12,66,29,3,605,0.109090909090909
"295","85-1-1-850506",1,515,33,2,631,0.816164817749604
"296","85-1-1-850506",2,94,33,2,631,0.148969889064976
"297","85-1-1-850506",12,0,33,2,631,0
"298","85-1-1-850611",1,700,35,3,603,1.16086235489221
"299","85-1-1-850611",2,590,35,3,603,0.978441127694859
"300","85-1-1-850611",12,176,35,3,603,0.291873963515755
"301","85-1-2-850328",1,421,-9,1,634,0.66403785488959
"302","85-1-2-850328",2,179,-9,1,634,0.282334384858044
"303","85-1-2-850328",12,0,-9,1,634,0
"304","85-1-2-850403",1,381,-3,1,623,0.611556982343499
"305","85-1-2-850403",2,37,-3,1,623,0.0593900481540931
"306","85-1-2-850403",12,0,-3,1,623,0
"307","85-1-2-850509",1,484,0,3,627,0.771929824561403
"308","85-1-2-850509",2,11,0,3,627,0.0175438596491228
"309","85-1-2-850509",12,0,0,3,627,0
"310","85-1-2-850409",1,247,3,2,613,0.402936378466558
"311","85-1-2-850409",2,75,3,2,613,0.122349102773246
"312","85-1-2-850409",12,0,3,2,613,0
"313","85-1-2-850515",1,615,5,3,620,0.991935483870968
"314","85-1-2-850515",2,73,5,3,620,0.117741935483871
"315","85-1-2-850515",12,52,5,3,620,0.0838709677419355
"316","85-1-2-850415",1,319,9,2,603,0.529021558872305
"317","85-1-2-850415",2,118,9,2,603,0.195688225538972
"318","85-1-2-850415",12,37,9,2,603,0.0613598673300166
"319","85-1-2-850521",1,689,11,3,614,1.12214983713355
"320","85-1-2-850521",2,55,11,3,614,0.0895765472312704
"321","85-1-2-850521",12,5,11,3,614,0.00814332247557003
"322","85-1-2-850421",1,596,15,2,553,1.07775768535262
"323","85-1-2-850421",2,62,15,2,553,0.112115732368897
"324","85-1-2-850421",12,0,15,2,553,0
"325","85-1-2-850527",1,639,17,3,610,1.04754098360656
"326","85-1-2-850527",2,241,17,3,610,0.395081967213115
"327","85-1-2-850527",12,69,17,3,610,0.113114754098361
"328","85-1-2-850427",1,598,21,2,544,1.09926470588235
"329","85-1-2-850427",2,54,21,2,544,0.0992647058823529
"330","85-1-2-850427",12,0,21,2,544,0
"331","85-1-2-850602",1,792,23,3,606,1.30693069306931
"332","85-1-2-850602",2,578,23,3,606,0.953795379537954
"333","85-1-2-850602",12,394,23,3,606,0.65016501650165
"334","85-1-2-850503",1,280,27,2,635,0.440944881889764
"335","85-1-2-850503",2,236,27,2,635,0.371653543307087
"336","85-1-2-850503",12,0,27,2,635,0
"337","85-1-2-850608",1,803,29,3,604,1.3294701986755
"338","85-1-2-850608",2,414,29,3,604,0.685430463576159
"339","85-1-2-850608",12,74,29,3,604,0.122516556291391
"340","85-1-3-850329",1,481,-15,1,632,0.761075949367089
"341","85-1-3-850329",2,67,-15,1,632,0.106012658227848
"342","85-1-3-850329",12,44,-15,1,632,0.069620253164557
"343","85-1-3-850404",1,382,-9,1,622,0.614147909967846
"344","85-1-3-850404",2,57,-9,1,622,0.0916398713826367
"345","85-1-3-850404",12,15,-9,1,622,0.0241157556270096
"346","85-1-3-850410",1,201,-3,1,611,0.328968903436989
"347","85-1-3-850410",2,2,-3,1,611,0.00327332242225859
"348","85-1-3-850410",12,0,-3,1,611,0
"349","85-1-3-850416",1,317,3,2,601,0.527454242928453
"350","85-1-3-850416",2,194,3,2,601,0.32279534109817
"351","85-1-3-850416",12,2,3,2,601,0.00332778702163062
"352","85-1-3-850522",1,675,5,3,613,1.10114192495922
"353","85-1-3-850522",2,27,5,3,613,0.0440456769983687
"354","85-1-3-850522",12,0,5,3,613,0
"355","85-1-3-850422",1,229,9,2,551,0.415607985480944
"356","85-1-3-850422",2,211,9,2,551,0.382940108892922
"357","85-1-3-850422",12,0,9,2,551,0
"358","85-1-3-850428",1,278,15,2,642,0.433021806853583
"359","85-1-3-850428",2,136,15,2,642,0.21183800623053
"360","85-1-3-850428",12,0,15,2,642,0
"361","85-1-3-850504",1,213,21,2,634,0.33596214511041
"362","85-1-3-850504",2,127,21,2,634,0.200315457413249
"363","85-1-3-850504",12,0,21,2,634,0
"364","85-1-3-850510",1,173,27,2,626,0.276357827476038
"365","85-1-3-850510",2,158,27,2,626,0.252396166134185
"366","85-1-3-850510",12,0,27,2,626,0
"367","85-1-3-850516",1,239,33,2,619,0.38610662358643
"368","85-1-3-850516",2,116,33,2,619,0.187399030694669
"369","85-1-3-850516",12,0,33,2,619,0
"370","85-1-4-850326",1,507,-3,1,638,0.794670846394984
"371","85-1-4-850326",2,34,-3,1,638,0.0532915360501567
"372","85-1-4-850326",12,1,-3,1,638,0.00156739811912226
"373","85-1-4-850401",1,688,3,2,627,1.09728867623604
"374","85-1-4-850401",12,0,3,2,627,0
"375","85-1-4-850507",1,706,5,3,630,1.12063492063492
"376","85-1-4-850507",2,18,5,3,630,0.0285714285714286
"377","85-1-4-850507",12,0,5,3,630,0
"378","85-1-4-850407",1,398,9,2,616,0.646103896103896
"379","85-1-4-850407",2,18,9,2,616,0.0292207792207792
"380","85-1-4-850407",12,0,9,2,616,0
"381","85-1-4-850513",1,654,11,3,622,1.05144694533762
"382","85-1-4-850513",12,0,11,3,622,0
"383","85-1-4-850413",1,539,15,2,606,0.889438943894389
"384","85-1-4-850413",2,9,15,2,606,0.0148514851485149
"385","85-1-4-850413",12,0,15,2,606,0
"386","85-1-4-850519",1,647,17,3,616,1.05032467532468
"387","85-1-4-850519",2,429,17,3,616,0.696428571428571
"388","85-1-4-850519",12,77,17,3,616,0.125
"389","85-1-4-850419",1,379,21,2,556,0.681654676258993
"390","85-1-4-850419",2,2,21,2,556,0.00359712230215827
"391","85-1-4-850419",12,0,21,2,556,0
"392","85-1-4-850525",1,631,23,3,611,1.03273322422259
"393","85-1-4-850525",2,361,23,3,611,0.590834697217676
"394","85-1-4-850525",12,30,23,3,611,0.0490998363338789
"395","85-1-4-850425",1,491,27,2,547,0.897623400365631
"396","85-1-4-850425",2,120,27,2,547,0.219378427787934
"397","85-1-4-850425",12,30,27,2,547,0.0548446069469835
"398","85-1-4-850531",1,894,29,3,607,1.47281713344316
"399","85-1-4-850531",2,509,29,3,607,0.838550247116969
"400","85-1-4-850531",12,147,29,3,607,0.242174629324547
"401","85-1-4-850501",1,371,33,2,638,0.581504702194357
"402","85-1-4-850501",2,4,33,2,638,0.00626959247648903
"403","85-1-4-850501",12,0,33,2,638,0
"404","85-1-4-850606",1,834,35,3,604,1.38079470198676
"405","85-1-4-850606",2,271,35,3,604,0.448675496688742
"406","85-1-4-850606",12,48,35,3,604,0.0794701986754967
"407","85-2-5-850325",1,407,-21,1,640,0.6359375
"408","85-2-5-850325",2,58,-21,1,640,0.090625
"409","85-2-5-850325",12,5,-21,1,640,0.0078125
"410","85-2-5-850331",1,634,-15,1,629,1.00794912559618
"411","85-2-5-850331",2,55,-15,1,629,0.0874403815580286
"412","85-2-5-850331",12,7,-15,1,629,0.0111287758346582
"413","85-2-5-850406",1,404,-9,1,618,0.653721682847896
"414","85-2-5-850406",12,0,-9,1,618,0
"415","85-2-5-850412",1,563,-3,1,608,0.925986842105263
"416","85-2-5-850412",12,0,-3,1,608,0
"417","85-2-5-850518",1,143,0,3,617,0.231766612641815
"418","85-2-5-850518",2,75,0,3,617,0.121555915721232
"419","85-2-5-850518",12,0,0,3,617,0
"420","85-2-5-850418",1,352,3,2,558,0.630824372759857
"421","85-2-5-850418",2,76,3,2,558,0.136200716845878
"422","85-2-5-850418",12,0,3,2,558,0
"423","85-2-5-850524",1,535,5,3,612,0.874183006535948
"424","85-2-5-850524",2,60,5,3,612,0.0980392156862745
"425","85-2-5-850524",12,0,5,3,612,0
"426","85-2-5-850424",1,444,9,2,548,0.81021897810219
"427","85-2-5-850424",2,274,9,2,548,0.5
"428","85-2-5-850424",12,1,9,2,548,0.00182481751824818
"429","85-2-5-850530",1,615,11,3,608,1.01151315789474
"430","85-2-5-850530",2,280,11,3,608,0.460526315789474
"431","85-2-5-850530",12,131,11,3,608,0.215460526315789
"432","85-2-5-850430",1,363,15,2,639,0.568075117370892
"433","85-2-5-850430",12,0,15,2,639,0
"434","85-2-5-850605",1,661,17,3,605,1.09256198347107
"435","85-2-5-850605",2,558,17,3,605,0.922314049586777
"436","85-2-5-850605",12,76,17,3,605,0.125619834710744
"437","85-2-5-850506",1,277,21,2,631,0.438985736925515
"438","85-2-5-850506",2,319,21,2,631,0.505546751188589
"439","85-2-5-850506",12,0,21,2,631,0
"440","85-2-5-850611",1,548,23,3,603,0.908789386401327
"441","85-2-5-850611",2,541,23,3,603,0.897180762852405
"442","85-2-5-850611",12,258,23,3,603,0.427860696517413
"443","85-2-5-850512",1,272,27,2,624,0.435897435897436
"444","85-2-5-850512",2,105,27,2,624,0.168269230769231
"445","85-2-5-850512",12,0,27,2,624,0
"446","85-2-5-850617",1,506,29,3,603,0.839137645107794
"447","85-2-5-850617",2,686,29,3,603,1.13764510779436
"448","85-2-5-850617",12,231,29,3,603,0.383084577114428
"449","85-2-6-850328",1,329,-9,1,634,0.518927444794953
"450","85-2-6-850328",2,635,-9,1,634,1.00157728706625
"451","85-2-6-850328",12,178,-9,1,634,0.280757097791798
"452","85-2-6-850403",1,566,-3,1,623,0.908507223113965
"453","85-2-6-850403",12,0,-3,1,623,0
"454","85-2-6-850409",1,420,3,2,613,0.685154975530179
"455","85-2-6-850409",12,0,3,2,613,0
"456","85-2-6-850515",1,607,5,3,620,0.979032258064516
"457","85-2-6-850515",2,9,5,3,620,0.0145161290322581
"458","85-2-6-850515",12,0,5,3,620,0
"459","85-2-6-850415",1,559,9,2,603,0.927031509121061
"460","85-2-6-850415",2,21,9,2,603,0.0348258706467662
"461","85-2-6-850415",12,0,9,2,603,0
"462","85-2-6-850521",1,428,11,3,614,0.697068403908795
"463","85-2-6-850521",2,83,11,3,614,0.135179153094463
"464","85-2-6-850521",12,46,11,3,614,0.0749185667752443
"465","85-2-6-850421",1,321,15,2,553,0.580470162748644
"466","85-2-6-850421",2,75,15,2,553,0.135623869801085
"467","85-2-6-850421",12,0,15,2,553,0
"468","85-2-6-850527",1,343,17,3,610,0.562295081967213
"469","85-2-6-850527",2,205,17,3,610,0.336065573770492
"470","85-2-6-850527",12,56,17,3,610,0.0918032786885246
"471","85-2-6-850427",1,561,21,2,544,1.03125
"472","85-2-6-850427",12,0,21,2,544,0
"473","85-2-6-850602",1,808,23,3,606,1.33333333333333
"474","85-2-6-850602",2,610,23,3,606,1.00660066006601
"475","85-2-6-850602",12,331,23,3,606,0.546204620462046
"476","85-2-6-850503",1,567,27,2,635,0.892913385826772
"477","85-2-6-850503",2,160,27,2,635,0.251968503937008
"478","85-2-6-850503",12,0,27,2,635,0
"479","85-2-6-850608",1,810,29,3,604,1.34105960264901
"480","85-2-6-850608",2,786,29,3,604,1.30132450331126
"481","85-2-6-850608",12,371,29,3,604,0.614238410596026
"482","85-2-6-850509",1,570,33,2,627,0.909090909090909
"483","85-2-6-850509",2,18,33,2,627,0.0287081339712919
"484","85-2-6-850509",12,0,33,2,627,0
"485","85-2-6-850614",1,444,35,3,603,0.736318407960199
"486","85-2-6-850614",2,730,35,3,603,1.2106135986733
"487","85-2-6-850614",12,341,35,3,603,0.565505804311774
"488","85-2-7-850326",1,391,-3,1,638,0.612852664576803
"489","85-2-7-850326",12,0,-3,1,638,0
"490","85-2-7-850401",1,195,3,2,627,0.311004784688995
"491","85-2-7-850401",2,19,3,2,627,0.0303030303030303
"492","85-2-7-850401",12,0,3,2,627,0
"493","85-2-7-850507",1,497,5,3,630,0.788888888888889
"494","85-2-7-850507",2,109,5,3,630,0.173015873015873
"495","85-2-7-850507",12,21,5,3,630,0.0333333333333333
"496","85-2-7-850407",1,257,9,2,616,0.417207792207792
"497","85-2-7-850407",2,281,9,2,616,0.456168831168831
"498","85-2-7-850407",12,0,9,2,616,0
"499","85-2-7-850513",1,465,11,3,622,0.747588424437299
"500","85-2-7-850513",2,226,11,3,622,0.363344051446945
"501","85-2-7-850513",12,4,11,3,622,0.00643086816720257
"502","85-2-7-850413",1,489,15,2,606,0.806930693069307
"503","85-2-7-850413",2,203,15,2,606,0.334983498349835
"504","85-2-7-850413",12,1,15,2,606,0.00165016501650165
"505","85-2-7-850519",1,479,17,3,616,0.777597402597403
"506","85-2-7-850519",2,597,17,3,616,0.969155844155844
"507","85-2-7-850519",12,91,17,3,616,0.147727272727273
"508","85-2-7-850419",1,187,21,2,556,0.336330935251799
"509","85-2-7-850419",2,53,21,2,556,0.0953237410071942
"510","85-2-7-850419",12,0,21,2,556,0
"511","85-2-7-850525",1,601,23,3,611,0.983633387888707
"512","85-2-7-850525",2,503,23,3,611,0.823240589198036
"513","85-2-7-850525",12,227,23,3,611,0.37152209492635
"514","85-2-7-850425",1,86,27,2,547,0.157221206581353
"515","85-2-7-850425",2,132,27,2,547,0.241316270566728
"516","85-2-7-850425",12,0,27,2,547,0
"517","85-2-7-850531",1,711,29,3,607,1.17133443163097
"518","85-2-7-850531",2,329,29,3,607,0.542009884678748
"519","85-2-7-850531",12,162,29,3,607,0.266886326194399
"520","85-2-7-850501",1,219,33,2,638,0.343260188087774
"521","85-2-7-850501",2,83,33,2,638,0.130094043887147
"522","85-2-7-850501",12,0,33,2,638,0
"523","85-2-7-850606",1,789,35,3,604,1.30629139072848
"524","85-2-7-850606",2,719,35,3,604,1.19039735099338
"525","85-2-7-850606",12,443,35,3,604,0.733443708609272
"526","85-2-8-850329",1,509,-9,1,632,0.805379746835443
"527","85-2-8-850329",2,50,-9,1,632,0.0791139240506329
"528","85-2-8-850329",12,0,-9,1,632,0
"529","85-2-8-850404",1,339,-3,1,622,0.545016077170418
"530","85-2-8-850404",12,0,-3,1,622,0
"531","85-2-8-850510",1,440,0,3,626,0.702875399361022
"532","85-2-8-850510",2,3,0,3,626,0.00479233226837061
"533","85-2-8-850510",12,0,0,3,626,0
"534","85-2-8-850410",1,398,3,2,611,0.65139116202946
"535","85-2-8-850410",2,1,3,2,611,0.0016366612111293
"536","85-2-8-850410",12,1,3,2,611,0.0016366612111293
"537","85-2-8-850516",1,678,5,3,619,1.09531502423263
"538","85-2-8-850516",2,43,5,3,619,0.0694668820678514
"539","85-2-8-850516",12,0,5,3,619,0
"540","85-2-8-850416",1,399,9,2,601,0.663893510815308
"541","85-2-8-850416",2,37,9,2,601,0.0615640599001664
"542","85-2-8-850416",12,0,9,2,601,0
"543","85-2-8-850522",1,617,11,3,613,1.00652528548124
"544","85-2-8-850522",2,165,11,3,613,0.269168026101142
"545","85-2-8-850522",12,26,11,3,613,0.0424143556280587
"546","85-2-8-850422",1,342,15,2,551,0.620689655172414
"547","85-2-8-850422",2,17,15,2,551,0.0308529945553539
"548","85-2-8-850422",12,0,15,2,551,0
"549","85-2-8-850528",1,608,17,3,609,0.998357963875205
"550","85-2-8-850528",2,398,17,3,609,0.653530377668309
"551","85-2-8-850528",12,143,17,3,609,0.234811165845649
"552","85-2-8-850428",1,382,21,2,642,0.595015576323987
"553","85-2-8-850428",2,230,21,2,642,0.358255451713396
"554","85-2-8-850428",12,0,21,2,642,0
"555","85-2-8-850603",1,674,23,3,606,1.11221122112211
"556","85-2-8-850603",2,541,23,3,606,0.892739273927393
"557","85-2-8-850603",12,69,23,3,606,0.113861386138614
"558","85-2-8-850504",1,467,27,2,634,0.736593059936908
"559","85-2-8-850504",2,201,27,2,634,0.317034700315457
"560","85-2-8-850504",12,0,27,2,634,0
"561","85-2-8-850609",1,671,29,3,604,1.11092715231788
"562","85-2-8-850609",2,547,29,3,604,0.905629139072848
"563","85-2-8-850609",12,177,29,3,604,0.293046357615894
"564","85-2-8-850615",1,734,35,3,603,1.21724709784411
"565","85-2-8-850615",2,463,35,3,603,0.767827529021559
"566","85-2-8-850615",12,212,35,3,603,0.351575456053068
"567","85-3-9-850329",1,422,-15,1,632,0.667721518987342
"568","85-3-9-850329",12,0,-15,1,632,0
"569","85-3-9-850404",1,524,-9,1,622,0.842443729903537
"570","85-3-9-850404",2,9,-9,1,622,0.0144694533762058
"571","85-3-9-850404",12,0,-9,1,622,0
"572","85-3-9-850410",1,333,-3,1,611,0.545008183306056
"573","85-3-9-850410",2,13,-3,1,611,0.0212765957446809
"574","85-3-9-850410",12,0,-3,1,611,0
"575","85-3-9-850516",1,453,0,3,619,0.731825525040388
"576","85-3-9-850516",2,34,0,3,619,0.0549273021001615
"577","85-3-9-850516",12,3,0,3,619,0.00484652665589661
"578","85-3-9-850416",1,244,3,2,601,0.405990016638935
"579","85-3-9-850416",2,181,3,2,601,0.301164725457571
"580","85-3-9-850416",12,0,3,2,601,0
"581","85-3-9-850522",1,474,5,3,613,0.773246329526917
"582","85-3-9-850522",2,28,5,3,613,0.0456769983686786
"583","85-3-9-850522",12,0,5,3,613,0
"584","85-3-9-850422",1,306,9,2,551,0.55535390199637
"585","85-3-9-850422",2,391,9,2,551,0.70961887477314
"586","85-3-9-850422",12,18,9,2,551,0.0326678765880218
"587","85-3-9-850528",1,675,11,3,609,1.10837438423645
"588","85-3-9-850528",2,154,11,3,609,0.252873563218391
"589","85-3-9-850528",12,110,11,3,609,0.180623973727422
"590","85-3-9-850428",1,444,15,2,542,0.819188191881919
"591","85-3-9-850428",2,431,15,2,542,0.79520295202952
"592","85-3-9-850428",12,0,15,2,542,0
"593","85-3-9-850603",1,941,17,3,606,1.55280528052805
"594","85-3-9-850603",2,632,17,3,606,1.04290429042904
"595","85-3-9-850603",12,242,17,3,606,0.399339933993399
"596","85-3-9-850504",1,40,21,2,634,0.0630914826498423
"597","85-3-9-850504",2,463,21,2,634,0.730283911671924
"598","85-3-9-850504",12,0,21,2,634,0
"599","85-3-9-850609",1,584,23,3,604,0.966887417218543
"600","85-3-9-850609",2,863,23,3,604,1.42880794701987
"601","85-3-9-850609",12,277,23,3,604,0.458609271523179
"602","85-3-9-850510",1,258,27,2,626,0.412140575079872
"603","85-3-9-850510",2,323,27,2,626,0.515974440894569
"604","85-3-9-850510",12,0,27,2,626,0
"605","85-3-9-850615",1,814,29,3,603,1.34991708126036
"606","85-3-9-850615",2,573,29,3,603,0.950248756218905
"607","85-3-9-850615",12,309,29,3,603,0.512437810945274
"608","85-3-10-850325",1,140,-9,1,640,0.21875
"609","85-3-10-850325",2,75,-9,1,640,0.1171875
"610","85-3-10-850325",12,8,-9,1,640,0.0125
"611","85-3-10-850331",1,501,-3,1,629,0.796502384737679
"612","85-3-10-850331",2,152,-3,1,629,0.241653418124006
"613","85-3-10-850331",12,0,-3,1,629,0
"614","85-3-10-850506",1,388,0,3,631,0.614896988906498
"615","85-3-10-850506",2,80,0,3,631,0.126782884310618
"616","85-3-10-850506",12,0,0,3,631,0
"617","85-3-10-850406",1,285,3,2,618,0.461165048543689
"618","85-3-10-850406",2,52,3,2,618,0.0841423948220065
"619","85-3-10-850406",12,0,3,2,618,0
"620","85-3-10-850512",1,422,5,3,624,0.676282051282051
"621","85-3-10-850512",2,3,5,3,624,0.00480769230769231
"622","85-3-10-850512",12,0,5,3,624,0
"623","85-3-10-850412",1,130,9,2,608,0.213815789473684
"624","85-3-10-850412",2,34,9,2,608,0.0559210526315789
"625","85-3-10-850412",12,13,9,2,608,0.0213815789473684
"626","85-3-10-850518",1,756,11,3,617,1.22528363047002
"627","85-3-10-850518",2,178,11,3,617,0.288492706645057
"628","85-3-10-850518",12,18,11,3,617,0.0291734197730956
"629","85-3-10-850418",1,445,15,2,558,0.797491039426523
"630","85-3-10-850418",2,46,15,2,558,0.0824372759856631
"631","85-3-10-850418",12,0,15,2,558,0
"632","85-3-10-850524",1,870,17,3,612,1.42156862745098
"633","85-3-10-850524",2,313,17,3,612,0.511437908496732
"634","85-3-10-850524",12,131,17,3,612,0.214052287581699
"635","85-3-10-850424",1,261,21,2,548,0.476277372262774
"636","85-3-10-850424",2,4,21,2,548,0.0072992700729927
"637","85-3-10-850424",12,0,21,2,548,0
"638","85-3-10-850530",1,719,23,3,608,1.18256578947368
"639","85-3-10-850530",2,579,23,3,608,0.952302631578947
"640","85-3-10-850530",12,244,23,3,608,0.401315789473684
"641","85-3-10-850430",1,378,27,2,639,0.591549295774648
"642","85-3-10-850430",2,84,27,2,639,0.131455399061033
"643","85-3-10-850430",12,0,27,2,639,0
"644","85-3-10-850605",1,645,29,3,605,1.06611570247934
"645","85-3-10-850605",2,636,29,3,605,1.05123966942149
"646","85-3-10-850605",12,264,29,3,605,0.436363636363636
"647","85-3-10-850611",1,702,35,3,603,1.16417910447761
"648","85-3-10-850611",2,471,35,3,603,0.781094527363184
"649","85-3-10-850611",12,39,35,3,603,0.0646766169154229
"650","85-3-12-850403",1,499,-3,1,623,0.800963081861958
"651","85-3-12-850403",2,138,-3,1,623,0.221508828250401
"652","85-3-12-850403",12,0,-3,1,623,0
"653","85-3-12-850509",1,402,0,3,627,0.641148325358852
"654","85-3-12-850509",2,168,0,3,627,0.267942583732057
"655","85-3-12-850509",12,45,0,3,627,0.0717703349282297
"656","85-3-12-850409",1,407,3,2,613,0.66394779771615
"657","85-3-12-850409",2,300,3,2,613,0.489396411092985
"658","85-3-12-850409",12,0,3,2,613,0
"659","85-3-12-850515",1,757,5,3,620,1.22096774193548
"660","85-3-12-850515",2,200,5,3,620,0.32258064516129
"661","85-3-12-850515",12,7,5,3,620,0.0112903225806452
"662","85-3-12-850415",1,561,9,2,603,0.930348258706468
"663","85-3-12-850415",2,183,9,2,603,0.303482587064677
"664","85-3-12-850415",12,0,9,2,603,0
"665","85-3-12-850521",1,641,11,3,614,1.04397394136808
"666","85-3-12-850521",2,676,11,3,614,1.10097719869707
"667","85-3-12-850521",12,197,11,3,614,0.320846905537459
"668","85-3-12-850421",1,330,15,2,553,0.596745027124774
"669","85-3-12-850421",2,344,15,2,553,0.622061482820977
"670","85-3-12-850421",12,0,15,2,553,0
"671","85-3-12-850527",1,854,17,3,610,1.4
"672","85-3-12-850527",2,485,17,3,610,0.795081967213115
"673","85-3-12-850527",12,313,17,3,610,0.513114754098361
"674","85-3-12-850427",1,98,21,2,544,0.180147058823529
"675","85-3-12-850427",2,434,21,2,544,0.797794117647059
"676","85-3-12-850427",12,0,21,2,544,0
"677","85-3-12-850602",1,853,23,3,606,1.40759075907591
"678","85-3-12-850602",2,721,23,3,606,1.18976897689769
"679","85-3-12-850602",12,143,23,3,606,0.235973597359736
"680","85-3-12-850503",1,448,27,2,635,0.705511811023622
"681","85-3-12-850503",2,369,27,2,635,0.581102362204724
"682","85-3-12-850503",12,47,27,2,635,0.0740157480314961
"683","85-3-12-850608",1,578,29,3,604,0.956953642384106
"684","85-3-12-850608",2,706,29,3,604,1.16887417218543
"685","85-3-12-850608",12,399,29,3,604,0.660596026490066
"686","85-3-12-850614",1,623,35,3,603,1.03316749585406
"687","85-3-12-850614",2,732,35,3,603,1.21393034825871
"688","85-3-12-850614",12,465,35,3,603,0.771144278606965
"689","85-4-13-850515",1,641,5,3,620,1.03387096774194
"690","85-4-13-850515",2,4,5,3,620,0.00645161290322581
"691","85-4-13-850515",12,0,5,3,620,0
"692","85-4-13-850415",1,430,9,2,603,0.713101160862355
"693","85-4-13-850415",2,171,9,2,603,0.283582089552239
"694","85-4-13-850415",12,67,9,2,603,0.111111111111111
"695","85-4-13-850521",1,794,11,3,614,1.29315960912052
"696","85-4-13-850521",2,101,11,3,614,0.164495114006515
"697","85-4-13-850521",12,17,11,3,614,0.0276872964169381
"698","85-4-13-850421",1,214,15,2,553,0.386980108499096
"699","85-4-13-850421",2,240,15,2,553,0.433996383363472
"700","85-4-13-850421",12,0,15,2,553,0
"701","85-4-13-850527",1,814,17,3,610,1.3344262295082
"702","85-4-13-850527",2,239,17,3,610,0.391803278688525
"703","85-4-13-850527",12,4,17,3,610,0.00655737704918033
"704","85-4-13-850427",1,351,21,2,544,0.645220588235294
"705","85-4-13-850427",2,177,21,2,544,0.325367647058824
"706","85-4-13-850427",12,0,21,2,544,0
"707","85-4-13-850602",1,837,23,3,606,1.38118811881188
"708","85-4-13-850602",2,449,23,3,606,0.740924092409241
"709","85-4-13-850602",12,4,23,3,606,0.0066006600660066
"710","85-4-13-850503",1,583,27,2,635,0.918110236220472
"711","85-4-13-850503",2,174,27,2,635,0.274015748031496
"712","85-4-13-850503",12,4,27,2,635,0.0062992125984252
"713","85-4-13-850608",1,906,29,3,604,1.5
"714","85-4-13-850608",2,772,29,3,604,1.27814569536424
"715","85-4-13-850608",12,203,29,3,604,0.336092715231788
"716","85-4-13-850509",1,398,33,2,627,0.634768740031898
"717","85-4-13-850509",2,304,33,2,627,0.484848484848485
"718","85-4-13-850509",12,0,33,2,627,0
"719","85-4-13-850614",1,776,35,3,603,1.28689883913765
"720","85-4-13-850614",2,723,35,3,603,1.19900497512438
"721","85-4-13-850614",12,338,35,3,603,0.560530679933665
"722","85-4-14-850416",1,488,3,2,601,0.81198003327787
"723","85-4-14-850416",2,4,3,2,601,0.00665557404326123
"724","85-4-14-850416",12,0,3,2,601,0
"725","85-4-14-850522",1,683,5,3,613,1.1141924959217
"726","85-4-14-850522",2,30,5,3,613,0.0489396411092985
"727","85-4-14-850522",12,0,5,3,613,0
"728","85-4-14-850422",1,130,9,2,551,0.235934664246824
"729","85-4-14-850422",2,449,9,2,551,0.814882032667877
"730","85-4-14-850422",12,0,9,2,551,0
"731","85-4-14-850528",1,746,11,3,609,1.22495894909688
"732","85-4-14-850528",2,413,11,3,609,0.67816091954023
"733","85-4-14-850528",12,0,11,3,609,0
"734","85-4-14-850428",1,220,15,2,542,0.40590405904059
"735","85-4-14-850428",2,286,15,2,542,0.527675276752767
"736","85-4-14-850428",12,0,15,2,542,0
"737","85-4-14-850603",1,663,17,3,606,1.09405940594059
"738","85-4-14-850603",2,347,17,3,606,0.572607260726073
"739","85-4-14-850603",12,74,17,3,606,0.122112211221122
"740","85-4-14-850504",1,203,21,2,634,0.32018927444795
"741","85-4-14-850504",2,199,21,2,634,0.313880126182965
"742","85-4-14-850504",12,0,21,2,634,0
"743","85-4-14-850609",1,641,23,3,604,1.0612582781457
"744","85-4-14-850609",2,665,23,3,604,1.10099337748344
"745","85-4-14-850609",12,364,23,3,604,0.602649006622517
"746","85-4-14-850510",1,466,27,2,626,0.744408945686901
"747","85-4-14-850510",2,349,27,2,626,0.557507987220447
"748","85-4-14-850510",12,2,27,2,626,0.00319488817891374
"749","85-4-14-850615",1,815,29,3,603,1.35157545605307
"750","85-4-14-850615",2,402,29,3,603,0.666666666666667
"751","85-4-14-850615",12,285,29,3,603,0.472636815920398
"752","85-4-14-850516",1,455,33,2,619,0.735056542810985
"753","85-4-14-850516",2,17,33,2,619,0.0274636510500808
"754","85-4-14-850516",12,0,33,2,619,0
"755","85-4-14-850621",1,686,35,3,603,1.13764510779436
"756","85-4-14-850621",2,62,35,3,603,0.102819237147595
"757","85-4-14-850621",12,0,35,3,603,0
"758","85-4-15-850531",1,599,5,3,607,0.986820428336079
"759","85-4-15-850531",2,167,5,3,607,0.275123558484349
"760","85-4-15-850531",12,0,5,3,607,0
"761","85-4-15-850606",1,943,11,3,604,1.5612582781457
"762","85-4-15-850606",2,305,11,3,604,0.504966887417219
"763","85-4-15-850606",12,100,11,3,604,0.165562913907285
"764","85-4-15-850507",1,173,15,2,630,0.274603174603175
"765","85-4-15-850507",2,49,15,2,630,0.0777777777777778
"766","85-4-15-850507",12,0,15,2,630,0
"767","85-4-15-850612",1,861,17,3,603,1.42786069651741
"768","85-4-15-850612",2,322,17,3,603,0.533996683250415
"769","85-4-15-850612",12,25,17,3,603,0.0414593698175788
"770","85-4-15-850513",1,203,21,2,622,0.326366559485531
"771","85-4-15-850513",2,206,21,2,622,0.331189710610932
"772","85-4-15-850513",12,2,21,2,622,0.00321543408360129
"773","85-4-15-850618",1,822,23,3,603,1.36318407960199
"774","85-4-15-850618",2,476,23,3,603,0.7893864013267
"775","85-4-15-850618",12,178,23,3,603,0.295190713101161
"776","85-4-15-850519",1,339,27,2,616,0.550324675324675
"777","85-4-15-850519",2,194,27,2,616,0.314935064935065
"778","85-4-15-850519",12,0,27,2,616,0
"779","85-4-15-850624",1,781,29,3,604,1.29304635761589
"780","85-4-15-850624",2,525,29,3,604,0.869205298013245
"781","85-4-15-850624",12,343,29,3,604,0.567880794701987
"782","85-4-15-850525",1,430,33,2,611,0.703764320785597
"783","85-4-15-850525",2,110,33,2,611,0.180032733224223
"784","85-4-15-850525",12,0,33,2,611,0
"785","85-4-15-850630",1,451,35,3,607,0.742998352553542
"786","85-4-15-850630",2,585,35,3,607,0.963756177924217
"787","85-4-15-850630",12,170,35,3,607,0.28006589785832
"788","85-4-16-850418",1,176,3,2,558,0.315412186379928
"789","85-4-16-850418",2,307,3,2,558,0.550179211469534
"790","85-4-16-850418",12,0,3,2,558,0
"791","85-4-16-850524",1,761,5,3,612,1.24346405228758
"792","85-4-16-850524",12,0,5,3,612,0
"793","85-4-16-850424",1,563,9,2,548,1.02737226277372
"794","85-4-16-850424",12,0,9,2,548,0
"795","85-4-16-850530",1,936,11,3,608,1.53947368421053
"796","85-4-16-850530",2,267,11,3,608,0.439144736842105
"797","85-4-16-850530",12,82,11,3,608,0.134868421052632
"798","85-4-16-850430",1,328,15,2,639,0.513302034428795
"799","85-4-16-850430",2,100,15,2,639,0.156494522691706
"800","85-4-16-850430",12,0,15,2,639,0
"801","85-4-16-850605",1,820,17,3,605,1.35537190082645
"802","85-4-16-850605",2,264,17,3,605,0.436363636363636
"803","85-4-16-850605",12,40,17,3,605,0.0661157024793388
"804","85-4-16-850506",1,6,21,2,631,0.00950871632329636
"805","85-4-16-850506",2,257,21,2,631,0.407290015847861
"806","85-4-16-850506",12,5,21,2,631,0.00792393026941363
"807","85-4-16-850611",1,862,23,3,603,1.42951907131012
"808","85-4-16-850611",2,518,23,3,603,0.859038142620232
"809","85-4-16-850611",12,321,23,3,603,0.532338308457711
"810","85-4-16-850512",1,644,27,2,624,1.03205128205128
"811","85-4-16-850512",2,222,27,2,624,0.355769230769231
"812","85-4-16-850512",12,0,27,2,624,0
"813","85-4-16-850617",1,839,29,3,603,1.39137645107794
"814","85-4-16-850617",2,320,29,3,603,0.530679933665008
"815","85-4-16-850617",12,252,29,3,603,0.417910447761194
"816","85-4-16-850518",1,358,33,2,617,0.580226904376013
"817","85-4-16-850518",2,122,33,2,617,0.19773095623987
"818","85-4-16-850518",12,0,33,2,617,0
"819","85-4-16-850623",1,838,35,3,603,1.38971807628524
"820","85-4-16-850623",2,738,35,3,603,1.22388059701493
"821","85-4-16-850623",12,542,35,3,603,0.898839137645108
"822","86-1-1-860326",1,446,-51,1,638,0.699059561128527
"823","86-1-1-860326",2,283,-51,1,638,0.443573667711599
"824","86-1-1-860326",12,57,-51,1,638,0.0893416927899686
"825","86-1-1-860401",1,684,-45,1,627,1.09090909090909
"826","86-1-1-860401",2,280,-45,1,627,0.446570972886762
"827","86-1-1-860401",12,0,-45,1,627,0
"828","86-1-1-860407",1,733,-39,1,616,1.18993506493506
"829","86-1-1-860407",2,215,-39,1,616,0.349025974025974
"830","86-1-1-860407",12,68,-39,1,616,0.11038961038961
"831","86-1-1-860414",1,664,-33,1,604,1.09933774834437
"832","86-1-1-860414",2,182,-33,1,604,0.301324503311258
"833","86-1-1-860414",12,39,-33,1,604,0.0645695364238411
"834","86-1-1-860418",1,732,-27,1,558,1.31182795698925
"835","86-1-1-860418",2,270,-27,1,558,0.483870967741935
"836","86-1-1-860418",12,82,-27,1,558,0.146953405017921
"837","86-1-1-860425",1,492,-21,1,547,0.89945155393053
"838","86-1-1-860425",2,11,-21,1,547,0.020109689213894
"839","86-1-1-860425",12,0,-21,1,547,0
"840","86-1-1-860501",1,237,-15,1,638,0.371473354231975
"841","86-1-1-860501",2,162,-15,1,638,0.253918495297806
"842","86-1-1-860501",12,0,-15,1,638,0
"843","86-1-1-860507",1,387,-9,1,630,0.614285714285714
"844","86-1-1-860507",2,43,-9,1,630,0.0682539682539682
"845","86-1-1-860507",12,0,-9,1,630,0
"846","86-1-1-860513",1,382,-3,1,622,0.614147909967846
"847","86-1-1-860513",2,311,-3,1,622,0.5
"848","86-1-1-860513",12,53,-3,1,622,0.0852090032154341
"849","86-1-1-860519",1,293,3,2,615,0.476422764227642
"850","86-1-1-860519",2,61,3,2,615,0.0991869918699187
"851","86-1-1-860519",12,0,3,2,615,0
"852","86-1-1-860623",1,635,5,3,604,1.05132450331126
"853","86-1-1-860623",2,73,5,3,604,0.120860927152318
"854","86-1-1-860623",12,0,5,3,604,0
"855","86-1-1-860714",1,957,7,4,616,1.55357142857143
"856","86-1-1-860714",2,462,7,4,616,0.75
"857","86-1-1-860714",12,2,7,4,616,0.00324675324675325
"858","86-1-1-860527",1,483,9,2,610,0.791803278688525
"859","86-1-1-860527",2,150,9,2,610,0.245901639344262
"860","86-1-1-860527",12,0,9,2,610,0
"861","86-1-1-860630",1,789,11,3,607,1.2998352553542
"862","86-1-1-860630",2,9,11,3,607,0.014827018121911
"863","86-1-1-860630",12,0,11,3,607,0
"864","86-1-1-860602",1,270,15,2,606,0.445544554455446
"865","86-1-1-860602",2,85,15,2,606,0.14026402640264
"866","86-1-1-860602",12,0,15,2,606,0
"867","86-1-1-860707",1,581,17,3,611,0.950900163666121
"868","86-1-1-860707",12,0,17,3,611,0
"869","86-1-1-860609",1,358,27,2,604,0.592715231788079
"870","86-1-1-860609",2,180,27,2,604,0.298013245033113
"871","86-1-1-860609",12,0,27,2,604,0
"872","86-1-1-860616",1,754,33,2,603,1.25041459369818
"873","86-1-1-860616",12,0,33,2,603,0
"874","86-1-2-860502",1,538,0,3,636,0.845911949685535
"875","86-1-2-860502",12,0,0,3,636,0
"876","86-1-2-860327",1,411,3,2,636,0.64622641509434
"877","86-1-2-860327",2,52,3,2,636,0.0817610062893082
"878","86-1-2-860327",12,0,3,2,636,0
"879","86-1-2-860508",1,396,5,3,628,0.630573248407643
"880","86-1-2-860508",2,157,5,3,628,0.25
"881","86-1-2-860508",12,0,5,3,628,0
"882","86-1-2-860402",1,588,9,2,625,0.9408
"883","86-1-2-860402",2,166,9,2,625,0.2656
"884","86-1-2-860402",12,2,9,2,625,0.0032
"885","86-1-2-860514",1,737,11,3,621,1.18679549114332
"886","86-1-2-860514",2,11,11,3,621,0.0177133655394525
"887","86-1-2-860514",12,0,11,3,621,0
"888","86-1-2-860408",1,635,15,2,615,1.03252032520325
"889","86-1-2-860408",2,157,15,2,615,0.255284552845528
"890","86-1-2-860408",12,0,15,2,615,0
"891","86-1-2-860414",1,496,21,2,604,0.821192052980132
"892","86-1-2-860414",2,205,21,2,604,0.339403973509934
"893","86-1-2-860414",12,0,21,2,604,0
"894","86-1-2-860520",1,834,23,3,615,1.35609756097561
"895","86-1-2-860520",2,549,23,3,615,0.892682926829268
"896","86-1-2-860520",12,0,23,3,615,0
"897","86-1-2-860422",1,243,27,2,551,0.441016333938294
"898","86-1-2-860422",2,213,27,2,551,0.386569872958258
"899","86-1-2-860422",12,0,27,2,551,0
"900","86-1-2-860527",1,891,29,3,610,1.46065573770492
"901","86-1-2-860527",2,582,29,3,610,0.954098360655738
"902","86-1-2-860527",12,334,29,3,610,0.547540983606557
"903","86-1-2-860425",1,308,30,2,547,0.563071297989031
"904","86-1-2-860425",2,358,30,2,547,0.654478976234004
"905","86-1-2-860425",12,2,30,2,547,0.0036563071297989
"906","86-1-2-860428",1,694,33,2,642,1.0809968847352
"907","86-1-2-860428",2,118,33,2,642,0.183800623052959
"908","86-1-2-860428",12,0,33,2,642,0
"909","86-1-3-860328",1,679,-9,1,634,1.07097791798107
"910","86-1-3-860328",2,31,-9,1,634,0.0488958990536278
"911","86-1-3-860328",12,0,-9,1,634,0
"912","86-1-3-860403",1,637,-3,1,623,1.02247191011236
"913","86-1-3-860403",12,0,-3,1,623,0
"914","86-1-3-860407",1,825,1,2,616,1.33928571428571
"915","86-1-3-860407",12,0,1,2,616,0
"916","86-1-3-860409",1,475,3,2,613,0.774877650897227
"917","86-1-3-860409",2,21,3,2,613,0.034257748776509
"918","86-1-3-860409",12,0,3,2,613,0
"919","86-1-3-860513",1,625,5,3,622,1.0048231511254
"920","86-1-3-860513",2,126,5,3,622,0.202572347266881
"921","86-1-3-860513",12,0,5,3,622,0
"922","86-1-3-860415",1,782,9,2,603,1.29684908789386
"923","86-1-3-860415",2,14,9,2,603,0.0232172470978441
"924","86-1-3-860415",12,0,9,2,603,0
"925","86-1-3-860519",1,879,11,3,616,1.42694805194805
"926","86-1-3-860519",2,124,11,3,616,0.201298701298701
"927","86-1-3-860519",12,0,11,3,616,0
"928","86-1-3-860418",1,635,12,2,558,1.13799283154122
"929","86-1-3-860418",2,96,12,2,558,0.172043010752688
"930","86-1-3-860418",12,11,12,2,558,0.0197132616487455
"931","86-1-3-860421",1,694,15,2,553,1.25497287522604
"932","86-1-3-860421",2,75,15,2,553,0.135623869801085
"933","86-1-3-860421",12,0,15,2,553,0
"934","86-1-3-860527",1,759,17,3,610,1.24426229508197
"935","86-1-3-860527",2,276,17,3,610,0.452459016393443
"936","86-1-3-860527",12,96,17,3,610,0.157377049180328
"937","86-1-3-860602",1,860,23,3,606,1.41914191419142
"938","86-1-3-860602",2,416,23,3,606,0.686468646864686
"939","86-1-3-860602",12,19,23,3,606,0.0313531353135314
"940","86-1-3-860428",1,263,24,2,642,0.409657320872274
"941","86-1-3-860428",2,514,24,2,642,0.800623052959502
"942","86-1-3-860428",12,0,24,2,642,0
"943","86-1-3-860501",1,354,27,2,638,0.554858934169279
"944","86-1-3-860501",2,438,27,2,638,0.686520376175549
"945","86-1-3-860501",12,0,27,2,638,0
"946","86-1-3-860507",1,463,33,2,630,0.734920634920635
"947","86-1-3-860507",2,263,33,2,630,0.417460317460317
"948","86-1-3-860507",12,0,33,2,630,0
"949","86-1-13-860502",1,455,-9,1,636,0.715408805031447
"950","86-1-13-860502",2,285,-9,1,636,0.44811320754717
"951","86-1-13-860502",12,163,-9,1,636,0.256289308176101
"952","86-1-13-860509",1,139,-3,1,627,0.221690590111643
"953","86-1-13-860509",12,0,-3,1,627,0
"954","86-1-13-860617",1,689,1,4,603,1.14262023217247
"955","86-1-13-860617",2,799,1,4,603,1.32504145936982
"956","86-1-13-860617",12,588,1,4,603,0.975124378109453
"957","86-1-13-860515",1,454,3,2,620,0.732258064516129
"958","86-1-13-860515",12,0,3,2,620,0
"959","86-1-13-860521",1,318,9,2,614,0.517915309446254
"960","86-1-13-860521",2,296,9,2,614,0.482084690553746
"961","86-1-13-860521",12,0,9,2,614,0
"962","86-1-13-860528",1,378,15,2,609,0.620689655172414
"963","86-1-13-860528",2,179,15,2,609,0.293924466338259
"964","86-1-13-860528",12,0,15,2,609,0
"965","86-1-13-860603",1,213,21,2,606,0.351485148514851
"966","86-1-13-860603",2,132,21,2,606,0.217821782178218
"967","86-1-13-860603",12,0,21,2,606,0
"968","86-1-13-860610",1,591,27,2,603,0.980099502487562
"969","86-1-13-860610",2,87,27,2,603,0.144278606965174
"970","86-1-13-860610",12,0,27,2,603,0
"971","86-2-4-860329",1,385,-27,1,632,0.609177215189873
"972","86-2-4-860329",2,141,-27,1,632,0.223101265822785
"973","86-2-4-860329",12,25,-27,1,632,0.0395569620253165
"974","86-2-4-860405",1,673,-21,1,620,1.08548387096774
"975","86-2-4-860405",2,427,-21,1,620,0.688709677419355
"976","86-2-4-860405",12,198,-21,1,620,0.319354838709677
"977","86-2-4-860412",1,673,-15,1,608,1.10690789473684
"978","86-2-4-860412",2,327,-15,1,608,0.537828947368421
"979","86-2-4-860412",12,40,-15,1,608,0.0657894736842105
"980","86-2-4-860419",1,734,-9,1,556,1.32014388489209
"981","86-2-4-860419",2,361,-9,1,556,0.649280575539568
"982","86-2-4-860419",12,4,-9,1,556,0.00719424460431655
"983","86-2-4-860426",1,258,-3,1,545,0.473394495412844
"984","86-2-4-860426",2,121,-3,1,545,0.222018348623853
"985","86-2-4-860426",12,4,-3,1,545,0.0073394495412844
"986","86-2-4-860503",1,184,3,2,635,0.289763779527559
"987","86-2-4-860503",2,110,3,2,635,0.173228346456693
"988","86-2-4-860503",12,0,3,2,635,0
"989","86-2-4-860607",1,639,5,3,604,1.05794701986755
"990","86-2-4-860607",2,137,5,3,604,0.22682119205298
"991","86-2-4-860607",12,0,5,3,604,0
"992","86-2-4-860510",1,349,9,2,626,0.557507987220447
"993","86-2-4-860510",2,68,9,2,626,0.108626198083067
"994","86-2-4-860510",12,0,9,2,626,0
"995","86-2-4-860614",1,953,11,3,603,1.5804311774461
"996","86-2-4-860614",2,406,11,3,603,0.673300165837479
"997","86-2-4-860614",12,0,11,3,603,0
"998","86-2-4-860517",1,188,15,2,618,0.3042071197411
"999","86-2-4-860517",2,37,15,2,618,0.0598705501618123
"1000","86-2-4-860517",12,0,15,2,618,0
"1001","86-2-4-860621",1,924,20,3,603,1.53233830845771
"1002","86-2-4-860621",2,547,20,3,603,0.907131011608624
"1003","86-2-4-860621",12,0,20,3,603,0
"1004","86-2-4-860524",1,313,26,2,612,0.511437908496732
"1005","86-2-4-860524",2,166,26,2,612,0.271241830065359
"1006","86-2-4-860524",12,0,26,2,612,0
"1007","86-2-4-860525",1,246,27,2,611,0.402618657937807
"1008","86-2-4-860525",2,77,27,2,611,0.126022913256956
"1009","86-2-4-860525",12,0,27,2,611,0
"1010","86-2-4-860628",1,979,27,3,606,1.61551155115512
"1011","86-2-4-860628",2,724,27,3,606,1.19471947194719
"1012","86-2-4-860628",12,230,27,3,606,0.37953795379538
"1013","86-2-4-860531",1,515,32,2,607,0.848434925864909
"1014","86-2-4-860531",2,81,32,2,607,0.133443163097199
"1015","86-2-4-860531",12,0,32,2,607,0
"1016","86-2-5-860329",1,633,-9,1,632,1.00158227848101
"1017","86-2-5-860329",2,49,-9,1,632,0.0775316455696203
"1018","86-2-5-860329",12,35,-9,1,632,0.055379746835443
"1019","86-2-5-860405",1,698,-3,1,620,1.1258064516129
"1020","86-2-5-860405",2,26,-3,1,620,0.0419354838709677
"1021","86-2-5-860405",12,0,-3,1,620,0
"1022","86-2-5-860607",1,413,7,4,604,0.683774834437086
"1023","86-2-5-860607",2,300,7,4,604,0.496688741721854
"1024","86-2-5-860607",12,26,7,4,604,0.043046357615894
"1025","86-2-5-860412",1,695,9,2,608,1.14309210526316
"1026","86-2-5-860412",12,0,9,2,608,0
"1027","86-2-5-860517",1,516,9,3,618,0.83495145631068
"1028","86-2-5-860517",2,166,9,3,618,0.268608414239482
"1029","86-2-5-860517",12,15,9,3,618,0.0242718446601942
"1030","86-2-5-860419",1,759,15,2,556,1.36510791366906
"1031","86-2-5-860419",2,11,15,2,556,0.0197841726618705
"1032","86-2-5-860419",12,0,15,2,556,0
"1033","86-2-5-860524",1,492,16,3,612,0.803921568627451
"1034","86-2-5-860524",2,546,16,3,612,0.892156862745098
"1035","86-2-5-860524",12,292,16,3,612,0.477124183006536
"1036","86-2-5-860525",1,808,17,3,611,1.32242225859247
"1037","86-2-5-860525",2,566,17,3,611,0.926350245499182
"1038","86-2-5-860525",12,456,17,3,611,0.746317512274959
"1039","86-2-5-860426",1,229,21,2,545,0.420183486238532
"1040","86-2-5-860426",2,312,21,2,545,0.572477064220184
"1041","86-2-5-860426",12,0,21,2,545,0
"1042","86-2-5-860531",1,796,23,3,607,1.31136738056013
"1043","86-2-5-860531",2,555,23,3,607,0.914332784184514
"1044","86-2-5-860531",12,46,23,3,607,0.0757825370675453
"1045","86-2-5-860503",1,373,27,2,635,0.58740157480315
"1046","86-2-5-860503",2,70,27,2,635,0.110236220472441
"1047","86-2-5-860503",12,0,27,2,635,0
"1048","86-2-5-860510",1,309,34,2,626,0.493610223642172
"1049","86-2-5-860510",2,40,34,2,626,0.0638977635782748
"1050","86-2-5-860510",12,0,34,2,626,0
"1051","86-2-6-860329",1,772,-21,1,632,1.22151898734177
"1052","86-2-6-860329",2,519,-21,1,632,0.82120253164557
"1053","86-2-6-860329",12,226,-21,1,632,0.357594936708861
"1054","86-2-6-860405",1,771,-15,1,620,1.24354838709677
"1055","86-2-6-860405",2,14,-15,1,620,0.0225806451612903
"1056","86-2-6-860405",12,0,-15,1,620,0
"1057","86-2-6-860412",1,668,-9,1,608,1.09868421052632
"1058","86-2-6-860412",2,74,-9,1,608,0.121710526315789
"1059","86-2-6-860412",12,0,-9,1,608,0
"1060","86-2-6-860419",1,844,-3,1,556,1.51798561151079
"1061","86-2-6-860419",2,274,-3,1,556,0.492805755395683
"1062","86-2-6-860419",12,241,-3,1,556,0.433453237410072
"1063","86-2-6-860426",1,252,3,2,545,0.462385321100917
"1064","86-2-6-860426",2,124,3,2,545,0.227522935779817
"1065","86-2-6-860426",12,0,3,2,545,0
"1066","86-2-6-860503",1,803,7,4,635,1.26456692913386
"1067","86-2-6-860503",2,340,7,4,635,0.535433070866142
"1068","86-2-6-860503",12,0,7,4,635,0
"1069","86-2-6-860510",1,893,14,4,626,1.42651757188498
"1070","86-2-6-860510",2,631,14,4,626,1.00798722044728
"1071","86-2-6-860510",12,86,14,4,626,0.137380191693291
"1072","86-2-7-860412",1,425,-14,1,608,0.699013157894737
"1073","86-2-7-860412",12,0,-14,1,608,0
"1074","86-2-7-860419",1,638,-7,1,556,1.14748201438849
"1075","86-2-7-860419",12,0,-7,1,556,0
"1076","86-2-7-860405",1,381,0,2,620,0.614516129032258
"1077","86-2-7-860405",2,53,0,2,620,0.0854838709677419
"1078","86-2-7-860405",12,0,0,2,620,0
"1079","86-2-7-860426",1,389,0,2,545,0.713761467889908
"1080","86-2-7-860426",12,0,0,2,545,0
"1081","86-2-7-860510",1,673,7,4,626,1.07507987220447
"1082","86-2-7-860510",2,284,7,4,626,0.453674121405751
"1083","86-2-7-860510",12,44,7,4,626,0.0702875399361022
"1084","86-2-7-860503",1,382,9,2,635,0.601574803149606
"1085","86-2-7-860503",2,28,9,2,635,0.0440944881889764
"1086","86-2-7-860503",12,0,9,2,635,0
"1087","86-2-7-860517",1,456,14,4,618,0.737864077669903
"1088","86-2-7-860517",2,85,14,4,618,0.137540453074434
"1089","86-2-7-860517",12,0,14,4,618,0
"1090","86-2-7-860524",1,363,21,4,612,0.593137254901961
"1091","86-2-7-860524",2,218,21,4,612,0.356209150326797
"1092","86-2-7-860524",12,60,21,4,612,0.0980392156862745
"1093","86-2-7-860525",1,593,22,4,611,0.970540098199673
"1094","86-2-7-860525",2,537,22,4,611,0.878887070376432
"1095","86-2-7-860525",12,191,22,4,611,0.312602291325696
"1096","86-2-7-860531",1,475,28,4,607,0.782537067545305
"1097","86-2-7-860531",2,589,28,4,607,0.970345963756178
"1098","86-2-7-860531",12,78,28,4,607,0.128500823723229
"1099","86-2-7-860607",1,532,35,4,604,0.880794701986755
"1100","86-2-7-860607",2,737,35,4,604,1.22019867549669
"1101","86-2-7-860607",12,248,35,4,604,0.410596026490066
"1102","86-2-7-860614",1,952,42,4,603,1.5787728026534
"1103","86-2-7-860614",2,978,42,4,603,1.62189054726368
"1104","86-2-7-860614",12,955,42,4,603,1.58374792703151
"1105","86-2-8-860327",1,579,-21,1,636,0.910377358490566
"1106","86-2-8-860327",2,217,-21,1,636,0.341194968553459
"1107","86-2-8-860327",12,0,-21,1,636,0
"1108","86-2-8-860402",1,575,-15,1,625,0.92
"1109","86-2-8-860402",2,81,-15,1,625,0.1296
"1110","86-2-8-860402",12,0,-15,1,625,0
"1111","86-2-8-860408",1,692,-9,1,615,1.12520325203252
"1112","86-2-8-860408",2,253,-9,1,615,0.411382113821138
"1113","86-2-8-860408",12,0,-9,1,615,0
"1114","86-2-8-860414",1,613,-3,1,604,1.01490066225166
"1115","86-2-8-860414",12,0,-3,1,604,0
"1116","86-2-8-860421",1,439,3,2,553,0.793851717902351
"1117","86-2-8-860421",2,196,3,2,553,0.354430379746835
"1118","86-2-8-860421",12,0,3,2,553,0
"1119","86-2-8-860528",1,711,5,3,609,1.16748768472906
"1120","86-2-8-860528",2,61,5,3,609,0.100164203612479
"1121","86-2-8-860528",12,0,5,3,609,0
"1122","86-2-8-860428",1,396,9,2,642,0.616822429906542
"1123","86-2-8-860428",2,206,9,2,642,0.320872274143302
"1124","86-2-8-860428",12,0,9,2,642,0
"1125","86-2-8-860603",1,722,11,3,606,1.19141914191419
"1126","86-2-8-860603",2,106,11,3,606,0.174917491749175
"1127","86-2-8-860603",12,21,11,3,606,0.0346534653465347
"1128","86-2-8-860502",1,279,15,2,636,0.438679245283019
"1129","86-2-8-860502",2,142,15,2,636,0.223270440251572
"1130","86-2-8-860502",12,0,15,2,636,0
"1131","86-2-8-860610",1,283,17,3,603,0.469320066334992
"1132","86-2-8-860610",2,563,17,3,603,0.933665008291874
"1133","86-2-8-860610",12,93,17,3,603,0.154228855721393
"1134","86-2-8-860508",1,219,21,2,628,0.348726114649682
"1135","86-2-8-860508",2,140,21,2,628,0.222929936305732
"1136","86-2-8-860508",12,0,21,2,628,0
"1137","86-2-8-860616",1,758,23,3,603,1.25704809286899
"1138","86-2-8-860616",2,213,23,3,603,0.353233830845771
"1139","86-2-8-860616",12,56,23,3,603,0.0928689883913764
"1140","86-2-8-860514",1,327,27,2,621,0.526570048309179
"1141","86-2-8-860514",2,71,27,2,621,0.114331723027375
"1142","86-2-8-860514",12,0,27,2,621,0
"1143","86-2-8-860622",1,916,29,3,604,1.51655629139073
"1144","86-2-8-860622",2,510,29,3,604,0.844370860927152
"1145","86-2-8-860622",12,234,29,3,604,0.387417218543046
"1146","86-2-8-860520",1,392,33,2,615,0.63739837398374
"1147","86-2-8-860520",2,27,33,2,615,0.0439024390243902
"1148","86-2-8-860520",12,0,33,2,615,0
"1149","86-3-9-860328",1,498,-33,1,634,0.785488958990536
"1150","86-3-9-860328",2,185,-33,1,634,0.291798107255521
"1151","86-3-9-860328",12,124,-33,1,634,0.195583596214511
"1152","86-3-9-860403",1,711,-27,1,623,1.14125200642055
"1153","86-3-9-860403",2,302,-27,1,623,0.484751203852327
"1154","86-3-9-860403",12,128,-27,1,623,0.20545746388443
"1155","86-3-9-860409",1,614,-21,1,613,1.00163132137031
"1156","86-3-9-860409",2,134,-21,1,613,0.218597063621533
"1157","86-3-9-860409",12,45,-21,1,613,0.0734094616639478
"1158","86-3-9-860415",1,547,-15,1,603,0.907131011608624
"1159","86-3-9-860415",2,229,-15,1,603,0.379767827529022
"1160","86-3-9-860415",12,68,-15,1,603,0.112769485903814
"1161","86-3-9-860422",1,646,-9,1,551,1.17241379310345
"1162","86-3-9-860422",2,156,-9,1,551,0.283121597096189
"1163","86-3-9-860422",12,0,-9,1,551,0
"1164","86-3-9-860427",1,518,-3,1,644,0.804347826086957
"1165","86-3-9-860427",12,0,-3,1,644,0
"1166","86-3-9-860504",1,854,0,2,634,1.34700315457413
"1167","86-3-9-860504",2,317,0,2,634,0.5
"1168","86-3-9-860504",12,0,0,2,634,0
"1169","86-3-9-860606",1,592,0,3,604,0.980132450331126
"1170","86-3-9-860606",2,139,0,3,604,0.230132450331126
"1171","86-3-9-860606",12,0,0,3,604,0
"1172","86-3-9-860612",1,775,5,3,603,1.28524046434494
"1173","86-3-9-860612",2,90,5,3,603,0.149253731343284
"1174","86-3-9-860612",12,15,5,3,603,0.0248756218905473
"1175","86-3-9-860509",1,259,9,2,627,0.413078149920255
"1176","86-3-9-860509",2,49,9,2,627,0.0781499202551834
"1177","86-3-9-860509",12,0,9,2,627,0
"1178","86-3-9-860618",1,819,11,3,603,1.35820895522388
"1179","86-3-9-860618",2,592,11,3,603,0.981757877280265
"1180","86-3-9-860618",12,321,11,3,603,0.532338308457711
"1181","86-3-9-860515",1,190,15,2,620,0.306451612903226
"1182","86-3-9-860515",2,355,15,2,620,0.57258064516129
"1183","86-3-9-860515",12,0,15,2,620,0
"1184","86-3-9-860624",1,985,17,3,604,1.63079470198676
"1185","86-3-9-860624",2,867,17,3,604,1.43543046357616
"1186","86-3-9-860624",12,0,17,3,604,0
"1187","86-3-9-860521",1,200,18,2,614,0.325732899022801
"1188","86-3-9-860521",2,184,18,2,614,0.299674267100977
"1189","86-3-9-860521",12,0,18,2,614,0
"1190","86-3-9-860526",1,220,21,2,610,0.360655737704918
"1191","86-3-9-860526",2,100,21,2,610,0.163934426229508
"1192","86-3-9-860526",12,0,21,2,610,0
"1193","86-3-9-860629",1,988,23,3,606,1.63036303630363
"1194","86-3-9-860629",2,659,23,3,606,1.08745874587459
"1195","86-3-9-860629",12,0,23,3,606,0
"1196","86-3-9-860601",1,425,27,2,607,0.700164744645799
"1197","86-3-9-860601",2,67,27,2,607,0.110378912685338
"1198","86-3-9-860601",12,0,27,2,607,0
"1199","86-3-10-860326",1,559,-9,1,638,0.876175548589342
"1200","86-3-10-860326",2,187,-9,1,638,0.293103448275862
"1201","86-3-10-860326",12,17,-9,1,638,0.0266457680250784
"1202","86-3-10-860401",1,436,-3,1,627,0.695374800637959
"1203","86-3-10-860401",2,1,-3,1,627,0.00159489633173844
"1204","86-3-10-860401",12,0,-3,1,627,0
"1205","86-3-10-860407",1,766,3,2,616,1.24350649350649
"1206","86-3-10-860407",2,7,3,2,616,0.0113636363636364
"1207","86-3-10-860407",12,0,3,2,616,0
"1208","86-3-10-860513",1,494,5,3,622,0.794212218649518
"1209","86-3-10-860513",2,2,5,3,622,0.00321543408360129
"1210","86-3-10-860513",12,0,5,3,622,0
"1211","86-3-10-860413",1,309,9,2,606,0.50990099009901
"1212","86-3-10-860413",2,115,9,2,606,0.18976897689769
"1213","86-3-10-860413",12,3,9,2,606,0.00495049504950495
"1214","86-3-10-860519",1,507,11,3,616,0.823051948051948
"1215","86-3-10-860519",2,48,11,3,616,0.0779220779220779
"1216","86-3-10-860519",12,0,11,3,616,0
"1217","86-3-10-860418",1,490,15,2,558,0.878136200716846
"1218","86-3-10-860418",2,86,15,2,558,0.154121863799283
"1219","86-3-10-860418",12,2,15,2,558,0.003584229390681
"1220","86-3-10-860526",1,462,17,3,610,0.757377049180328
"1221","86-3-10-860526",2,509,17,3,610,0.834426229508197
"1222","86-3-10-860526",12,70,17,3,610,0.114754098360656
"1223","86-3-10-860425",1,262,21,2,547,0.478976234003656
"1224","86-3-10-860425",2,7,21,2,547,0.0127970749542962
"1225","86-3-10-860425",12,0,21,2,547,0
"1226","86-3-10-860601",1,795,23,3,607,1.30971993410214
"1227","86-3-10-860601",2,374,23,3,607,0.616144975288303
"1228","86-3-10-860601",12,131,23,3,607,0.215815485996705
"1229","86-3-10-860501",1,316,27,2,638,0.495297805642633
"1230","86-3-10-860501",2,182,27,2,638,0.285266457680251
"1231","86-3-10-860501",12,0,27,2,638,0
"1232","86-3-10-860507",1,194,34,2,630,0.307936507936508
"1233","86-3-10-860507",2,108,34,2,630,0.171428571428571
"1234","86-3-10-860507",12,0,34,2,630,0
"1235","86-3-12-860328",1,547,-21,1,634,0.862776025236593
"1236","86-3-12-860328",2,264,-21,1,634,0.416403785488959
"1237","86-3-12-860328",12,85,-21,1,634,0.134069400630915
"1238","86-3-12-860403",1,445,-15,1,623,0.714285714285714
"1239","86-3-12-860403",12,0,-15,1,623,0
"1240","86-3-12-860409",1,667,-9,1,613,1.08809135399674
"1241","86-3-12-860409",2,700,-9,1,613,1.14192495921697
"1242","86-3-12-860409",12,342,-9,1,613,0.557911908646003
"1243","86-3-12-860415",1,715,-3,1,603,1.18573797678275
"1244","86-3-12-860415",2,359,-3,1,603,0.595356550580431
"1245","86-3-12-860415",12,7,-3,1,603,0.0116086235489221
"1246","86-3-12-860422",1,173,0,2,551,0.313974591651543
"1247","86-3-12-860422",2,39,0,2,551,0.0707803992740472
"1248","86-3-12-860422",12,0,0,2,551,0
"1249","86-3-12-860427",1,434,3,2,644,0.673913043478261
"1250","86-3-12-860427",2,64,3,2,644,0.0993788819875776
"1251","86-3-12-860427",12,0,3,2,644,0
"1252","86-3-12-860603",1,732,5,3,606,1.20792079207921
"1253","86-3-12-860603",2,13,5,3,606,0.0214521452145215
"1254","86-3-12-860603",12,0,5,3,606,0
"1255","86-3-12-860609",1,546,6,4,604,0.903973509933775
"1256","86-3-12-860609",2,740,6,4,604,1.22516556291391
"1257","86-3-12-860609",12,297,6,4,604,0.491721854304636
"1258","86-3-12-860504",1,287,9,2,634,0.452681388012618
"1259","86-3-12-860504",2,156,9,2,634,0.246056782334385
"1260","86-3-12-860504",12,0,9,2,634,0
"1261","86-3-12-860615",1,814,12,4,603,1.34991708126036
"1262","86-3-12-860615",2,833,12,4,603,1.38142620232172
"1263","86-3-12-860615",12,465,12,4,603,0.771144278606965
"1264","86-3-12-860509",1,381,15,2,627,0.607655502392344
"1265","86-3-12-860509",2,182,15,2,627,0.290271132376396
"1266","86-3-12-860509",12,0,15,2,627,0
"1267","86-3-12-860515",1,384,21,2,620,0.619354838709677
"1268","86-3-12-860515",2,223,21,2,620,0.359677419354839
"1269","86-3-12-860515",12,2,21,2,620,0.0032258064516129
"1270","86-3-12-860521",1,228,27,2,614,0.371335504885993
"1271","86-3-12-860521",2,275,27,2,614,0.447882736156352
"1272","86-3-12-860521",12,0,27,2,614,0
"1273","86-3-12-860528",1,443,33,2,609,0.727422003284072
"1274","86-3-12-860528",2,128,33,2,609,0.210180623973727
"1275","86-3-12-860528",12,0,33,2,609,0
"1276","87-2-5-870328",1,520,-3,1,634,0.82018927444795
"1277","87-2-5-870328",2,153,-3,1,634,0.241324921135647
"1278","87-2-5-870328",12,76,-3,1,634,0.1198738170347
"1279","87-2-5-870404",1,270,3,2,622,0.434083601286174
"1280","87-2-5-870404",2,98,3,2,622,0.157556270096463
"1281","87-2-5-870404",12,0,3,2,622,0
"1282","87-2-5-870411",1,218,9,2,710,0.307042253521127
"1283","87-2-5-870411",12,0,9,2,710,0
"1284","87-2-5-870419",1,117,15,2,656,0.178353658536585
"1285","87-2-5-870419",2,193,15,2,656,0.294207317073171
"1286","87-2-5-870419",12,0,15,2,656,0
"1287","87-2-5-870425",1,284,21,2,647,0.438948995363215
"1288","87-2-5-870425",2,90,21,2,647,0.139103554868624
"1289","87-2-5-870425",12,0,21,2,647,0
"1290","87-2-5-870503",1,107,27,2,635,0.168503937007874
"1291","87-2-5-870503",2,186,27,2,635,0.292913385826772
"1292","87-2-5-870503",12,0,27,2,635,0
"1293","87-2-5-870509",1,198,5,3,627,0.315789473684211
"1294","87-2-5-870509",2,129,5,3,627,0.205741626794258
"1295","87-2-5-870509",12,0,5,3,627,0
"1296","87-2-5-870516",1,538,11,3,619,0.869143780290792
"1297","87-2-5-870516",2,16,11,3,619,0.0258481421647819
"1298","87-2-5-870516",12,0,11,3,619,0
"1299","87-2-5-870523",1,351,17,3,613,0.572593800978793
"1300","87-2-5-870523",2,11,17,3,613,0.0179445350734095
"1301","87-2-5-870523",12,0,17,3,613,0
"1302","87-2-5-870524",1,255,18,3,612,0.416666666666667
"1303","87-2-5-870524",2,50,18,3,612,0.0816993464052288
"1304","87-2-5-870524",12,23,18,3,612,0.0375816993464052
"1305","87-2-5-870530",1,476,23,3,608,0.782894736842105
"1306","87-2-5-870530",2,447,23,3,608,0.735197368421053
"1307","87-2-5-870530",12,142,23,3,608,0.233552631578947
"1308","87-2-5-870606",1,751,29,3,604,1.24337748344371
"1309","87-2-5-870606",2,50,29,3,604,0.0827814569536424
"1310","87-2-5-870606",12,27,29,3,604,0.0447019867549669
"1311","87-2-7-870328",1,265,-3,1,634,0.417981072555205
"1312","87-2-7-870328",12,0,-3,1,634,0
"1313","87-2-7-870404",1,254,9,2,622,0.408360128617363
"1314","87-2-7-870404",2,67,9,2,622,0.107717041800643
"1315","87-2-7-870404",12,0,9,2,622,0
"1316","87-2-7-870411",1,251,15,2,710,0.353521126760563
"1317","87-2-7-870411",2,5,15,2,710,0.00704225352112676
"1318","87-2-7-870411",12,0,15,2,710,0
"1319","87-2-7-870418",1,162,21,2,658,0.246200607902736
"1320","87-2-7-870418",2,3,21,2,658,0.00455927051671732
"1321","87-2-7-870418",12,0,21,2,658,0
"1322","87-2-7-870425",1,245,27,2,647,0.378670788253478
"1323","87-2-7-870425",2,199,27,2,647,0.30757341576507
"1324","87-2-7-870425",12,0,27,2,647,0
"1325","87-2-7-870502",1,84,33,2,636,0.132075471698113
"1326","87-2-7-870502",2,91,33,2,636,0.143081761006289
"1327","87-2-7-870502",12,0,33,2,636,0
"1328","87-2-7-870509",1,477,11,3,627,0.760765550239234
"1329","87-2-7-870509",2,94,11,3,627,0.149920255183413
"1330","87-2-7-870509",12,0,11,3,627,0
"1331","87-2-7-870516",1,269,17,3,619,0.434571890145396
"1332","87-2-7-870516",2,141,17,3,619,0.227786752827141
"1333","87-2-7-870516",12,0,17,3,619,0
"1334","87-2-7-870523",1,207,23,3,613,0.33768352365416
"1335","87-2-7-870523",2,301,23,3,613,0.491027732463295
"1336","87-2-7-870523",12,57,23,3,613,0.0929853181076672
"1337","87-2-7-870524",1,465,24,3,612,0.759803921568627
"1338","87-2-7-870524",2,127,24,3,612,0.207516339869281
"1339","87-2-7-870524",12,52,24,3,612,0.0849673202614379
"1340","87-2-7-870530",1,168,29,3,608,0.276315789473684
"1341","87-2-7-870530",2,192,29,3,608,0.315789473684211
"1342","87-2-7-870530",12,2,29,3,608,0.00328947368421053
"1343","87-2-7-870606",1,628,35,3,604,1.03973509933775
"1344","87-2-7-870606",2,236,35,3,604,0.390728476821192
"1345","87-2-7-870606",12,53,35,3,604,0.0877483443708609
"1346","87-1-4-870324",1,500,-3,1,641,0.78003120124805
"1347","87-1-4-870324",12,0,-3,1,641,0
"1348","87-1-4-870330",1,89,3,2,631,0.141045958795563
"1349","87-1-4-870330",2,384,3,2,631,0.608557844690967
"1350","87-1-4-870330",12,0,3,2,631,0
"1351","87-1-4-870405",1,346,9,2,720,0.480555555555556
"1352","87-1-4-870405",2,131,9,2,720,0.181944444444444
"1353","87-1-4-870405",12,0,9,2,720,0
"1354","87-1-4-870410",1,438,15,2,711,0.616033755274262
"1355","87-1-4-870410",2,80,15,2,711,0.112517580872011
"1356","87-1-4-870410",12,0,15,2,711,0
"1357","87-1-4-870416",1,486,21,2,701,0.693295292439372
"1358","87-1-4-870416",2,143,21,2,701,0.203994293865906
"1359","87-1-4-870416",12,0,21,2,701,0
"1360","87-1-4-870423",1,572,27,2,650,0.88
"1361","87-1-4-870423",12,0,27,2,650,0
"1362","87-1-4-870429",1,583,33,2,641,0.909516380655226
"1363","87-1-4-870429",2,53,33,2,641,0.0826833073322933
"1364","87-1-4-870429",12,0,33,2,641,0
"1365","87-1-4-870505",1,596,5,3,632,0.943037974683544
"1366","87-1-4-870505",2,120,5,3,632,0.189873417721519
"1367","87-1-4-870505",12,0,5,3,632,0
"1368","87-1-4-870511",1,642,11,3,625,1.0272
"1369","87-1-4-870511",2,97,11,3,625,0.1552
"1370","87-1-4-870511",12,18,11,3,625,0.0288
"1371","87-1-4-870513",1,652,13,3,622,1.04823151125402
"1372","87-1-4-870513",2,44,13,3,622,0.0707395498392283
"1373","87-1-4-870513",12,0,13,3,622,0
"1374","87-1-4-870517",1,633,17,3,618,1.02427184466019
"1375","87-1-4-870517",2,171,17,3,618,0.276699029126214
"1376","87-1-4-870517",12,103,17,3,618,0.166666666666667
"1377","87-1-4-870519",1,429,19,3,616,0.696428571428571
"1378","87-1-4-870519",2,180,19,3,616,0.292207792207792
"1379","87-1-4-870519",12,41,19,3,616,0.0665584415584416
"1380","87-1-4-870522",1,769,23,3,613,1.25448613376835
"1381","87-1-4-870522",2,336,23,3,613,0.548123980424144
"1382","87-1-4-870522",12,62,23,3,613,0.101141924959217
"1383","87-1-4-870525",1,662,25,3,611,1.08346972176759
"1384","87-1-4-870525",2,425,25,3,611,0.695581014729951
"1385","87-1-4-870525",12,89,25,3,611,0.145662847790507
"1386","87-1-4-870529",1,781,29,3,608,1.28453947368421
"1387","87-1-4-870529",2,313,29,3,608,0.514802631578947
"1388","87-1-4-870529",12,129,29,3,608,0.212171052631579
"1389","87-1-4-870604",1,524,35,3,605,0.866115702479339
"1390","87-1-4-870604",2,175,35,3,605,0.289256198347107
"1391","87-1-4-870604",12,0,35,3,605,0
"1392","87-1-1-870324",1,518,-3,1,641,0.80811232449298
"1393","87-1-1-870324",12,0,-3,1,641,0
"1394","87-1-1-870330",1,266,3,2,631,0.421553090332805
"1395","87-1-1-870330",12,0,3,2,631,0
"1396","87-1-1-870405",1,311,9,2,720,0.431944444444444
"1397","87-1-1-870405",2,328,9,2,720,0.455555555555556
"1398","87-1-1-870405",12,0,9,2,720,0
"1399","87-1-1-870410",1,369,15,2,711,0.518987341772152
"1400","87-1-1-870410",2,296,15,2,711,0.416315049226442
"1401","87-1-1-870410",12,0,15,2,711,0
"1402","87-1-1-870416",1,283,21,2,701,0.403708987161198
"1403","87-1-1-870416",2,109,21,2,701,0.155492154065621
"1404","87-1-1-870416",12,0,21,2,701,0
"1405","87-1-1-870423",1,83,27,2,650,0.127692307692308
"1406","87-1-1-870423",2,396,27,2,650,0.609230769230769
"1407","87-1-1-870423",12,0,27,2,650,0
"1408","87-1-1-870429",1,166,0,3,641,0.258970358814353
"1409","87-1-1-870429",12,0,0,3,641,0
"1410","87-1-1-870505",1,588,5,3,632,0.930379746835443
"1411","87-1-1-870505",2,68,5,3,632,0.107594936708861
"1412","87-1-1-870505",12,0,5,3,632,0
"1413","87-1-1-870511",1,374,11,3,625,0.5984
"1414","87-1-1-870511",2,216,11,3,625,0.3456
"1415","87-1-1-870511",12,56,11,3,625,0.0896
"1416","87-1-1-870517",1,328,17,3,618,0.530744336569579
"1417","87-1-1-870517",2,375,17,3,618,0.606796116504854
"1418","87-1-1-870517",12,72,17,3,618,0.116504854368932
"1419","87-1-1-870522",1,463,23,3,613,0.755301794453507
"1420","87-1-1-870522",2,302,23,3,613,0.492659053833605
"1421","87-1-1-870522",12,14,23,3,613,0.0228384991843393
"1422","87-1-1-870529",1,579,29,3,608,0.952302631578947
"1423","87-1-1-870529",2,502,29,3,608,0.825657894736842
"1424","87-1-1-870529",12,162,29,3,608,0.266447368421053
"1425","87-2-8-870328",1,189,-9,1,634,0.298107255520505
"1426","87-2-8-870328",12,0,-9,1,634,0
"1427","87-2-8-870404",1,208,-3,2,622,0.334405144694534
"1428","87-2-8-870404",12,0,-3,2,622,0
"1429","87-2-8-870411",1,128,3,2,710,0.180281690140845
"1430","87-2-8-870411",2,56,3,2,710,0.0788732394366197
"1431","87-2-8-870411",12,0,3,2,710,0
"1432","87-2-8-870418",1,162,9,2,658,0.246200607902736
"1433","87-2-8-870418",2,49,9,2,658,0.074468085106383
"1434","87-2-8-870418",12,0,9,2,658,0
"1435","87-2-8-870425",1,363,15,2,647,0.561051004636785
"1436","87-2-8-870425",2,14,15,2,647,0.0216383307573416
"1437","87-2-8-870425",12,0,15,2,647,0
"1438","87-2-8-870502",1,296,6,4,636,0.465408805031447
"1439","87-2-8-870502",2,168,6,4,636,0.264150943396226
"1440","87-2-8-870502",12,0,6,4,636,0
"1441","87-2-9-870328",1,340,-3,1,634,0.536277602523659
"1442","87-2-9-870328",2,10,-3,1,634,0.0157728706624606
"1443","87-2-9-870328",12,2,-3,1,634,0.00315457413249211
"1444","87-2-9-870404",1,576,3,2,622,0.92604501607717
"1445","87-2-9-870404",2,45,3,2,622,0.0723472668810289
"1446","87-2-9-870404",12,0,3,2,622,0
"1447","87-2-9-870411",1,844,9,2,710,1.1887323943662
"1448","87-2-9-870411",2,5,9,2,710,0.00704225352112676
"1449","87-2-9-870411",12,0,9,2,710,0
"1450","87-2-9-870418",1,574,-15,1,658,0.872340425531915
"1451","87-2-9-870418",2,509,-15,1,658,0.773556231003039
"1452","87-2-9-870418",12,344,-15,1,658,0.522796352583587
"1453","87-2-9-870425",1,595,-9,1,647,0.919629057187017
"1454","87-2-9-870425",2,150,-9,1,647,0.231839258114374
"1455","87-2-9-870425",12,39,-9,1,647,0.0602782071097372
"1456","87-2-9-870502",1,283,-3,1,636,0.44496855345912
"1457","87-2-9-870502",2,128,-3,1,636,0.20125786163522
"1458","87-2-9-870502",12,0,-3,1,636,0
"1459","87-2-9-870509",1,338,3,2,627,0.539074960127592
"1460","87-2-9-870509",2,75,3,2,627,0.119617224880383
"1461","87-2-9-870509",12,0,3,2,627,0
"1462","87-2-9-870516",1,307,9,2,619,0.495961227786753
"1463","87-2-9-870516",2,129,9,2,619,0.208400646203554
"1464","87-2-9-870516",12,0,9,2,619,0
"1465","87-2-9-870523",1,313,15,2,613,0.510603588907015
"1466","87-2-9-870523",2,209,15,2,613,0.34094616639478
"1467","87-2-9-870523",12,0,15,2,613,0
"1468","87-2-9-870524",1,283,16,2,612,0.462418300653595
"1469","87-2-9-870524",2,156,16,2,612,0.254901960784314
"1470","87-2-9-870524",12,0,16,2,612,0
"1471","87-2-9-870530",1,295,21,2,608,0.485197368421053
"1472","87-2-9-870530",2,119,21,2,608,0.195723684210526
"1473","87-2-9-870530",12,0,21,2,608,0
"1474","87-2-9-870607",1,517,1,4,604,0.855960264900662
"1475","87-2-9-870607",2,646,1,4,604,1.06953642384106
"1476","87-2-9-870607",12,179,1,4,604,0.29635761589404
"1477","87-2-6-870328",1,610,9,2,634,0.962145110410095
"1478","87-2-6-870328",12,0,9,2,634,0
"1479","87-2-6-870404",1,219,15,2,622,0.352090032154341
"1480","87-2-6-870404",2,182,15,2,622,0.292604501607717
"1481","87-2-6-870404",12,0,15,2,622,0
"1482","87-2-6-870411",1,207,21,2,710,0.291549295774648
"1483","87-2-6-870411",2,140,21,2,710,0.197183098591549
"1484","87-2-6-870411",12,0,21,2,710,0
"1485","87-2-6-870418",1,227,27,2,658,0.344984802431611
"1486","87-2-6-870418",2,76,27,2,658,0.115501519756839
"1487","87-2-6-870418",12,0,27,2,658,0
"1488","87-2-6-870425",1,222,5,3,647,0.343122102009274
"1489","87-2-6-870425",2,165,5,3,647,0.255023183925811
"1490","87-2-6-870425",12,0,5,3,647,0
"1491","87-2-6-870502",1,411,11,3,636,0.64622641509434
"1492","87-2-6-870502",2,127,11,3,636,0.199685534591195
"1493","87-2-6-870502",12,21,11,3,636,0.0330188679245283
"1494","87-2-6-870509",1,342,17,3,627,0.545454545454545
"1495","87-2-6-870509",2,72,17,3,627,0.114832535885167
"1496","87-2-6-870509",12,47,17,3,627,0.0749601275917065
"1497","87-2-6-870516",1,425,23,3,619,0.686591276252019
"1498","87-2-6-870516",2,194,23,3,619,0.313408723747981
"1499","87-2-6-870516",12,81,23,3,619,0.130856219709208
"1500","87-2-6-870523",1,428,35,3,613,0.698205546492659
"1501","87-2-6-870523",2,514,35,3,613,0.838499184339315
"1502","87-2-6-870523",12,276,35,3,613,0.450244698205546
"1503","87-2-10-870326",1,411,-9,1,638,0.644200626959248
"1504","87-2-10-870326",2,14,-9,1,638,0.0219435736677116
"1505","87-2-10-870326",12,0,-9,1,638,0
"1506","87-2-10-870401",1,457,-3,1,627,0.728867623604466
"1507","87-2-10-870401",2,12,-3,1,627,0.0191387559808612
"1508","87-2-10-870401",12,9,-3,1,627,0.0143540669856459
"1509","87-2-10-870407",1,265,3,2,716,0.370111731843575
"1510","87-2-10-870407",2,85,3,2,716,0.118715083798883
"1511","87-2-10-870407",12,0,3,2,716,0
"1512","87-2-10-870413",1,327,9,2,706,0.463172804532578
"1513","87-2-10-870413",2,110,9,2,706,0.155807365439093
"1514","87-2-10-870413",12,0,9,2,706,0
"1515","87-2-10-870420",1,239,15,2,655,0.364885496183206
"1516","87-2-10-870420",2,265,15,2,655,0.404580152671756
"1517","87-2-10-870420",12,0,15,2,655,0
"1518","87-2-10-870426",1,116,21,2,645,0.17984496124031
"1519","87-2-10-870426",2,141,21,2,645,0.218604651162791
"1520","87-2-10-870426",12,0,21,2,645,0
"1521","87-2-10-870501",1,262,27,2,638,0.410658307210031
"1522","87-2-10-870501",2,129,27,2,638,0.202194357366771
"1523","87-2-10-870501",12,0,27,2,638,0
"1524","87-2-10-870508",1,258,33,2,628,0.410828025477707
"1525","87-2-10-870508",2,67,33,2,628,0.106687898089172
"1526","87-2-10-870508",12,0,33,2,628,0
"1527","87-2-10-870513",1,508,5,3,622,0.816720257234727
"1528","87-2-10-870513",2,140,5,3,622,0.22508038585209
"1529","87-2-10-870513",12,0,5,3,622,0
"1530","87-2-10-870519",1,593,11,3,616,0.962662337662338
"1531","87-2-10-870519",2,12,11,3,616,0.0194805194805195
"1532","87-2-10-870519",12,0,11,3,616,0
"1533","87-2-10-870526",1,396,17,3,610,0.649180327868852
"1534","87-2-10-870526",2,182,17,3,610,0.298360655737705
"1535","87-2-10-870526",12,41,17,3,610,0.0672131147540984
"1536","87-2-10-870601",1,438,23,3,607,0.72158154859967
"1537","87-2-10-870601",2,449,23,3,607,0.739703459637562
"1538","87-2-10-870601",12,93,23,3,607,0.153212520593081
"1539","87-2-10-870607",1,790,29,3,604,1.30794701986755
"1540","87-2-10-870607",2,339,29,3,604,0.561258278145695
"1541","87-2-10-870607",12,105,29,3,604,0.173841059602649
"1542","87-2-10-870611",1,685,35,3,603,1.13598673300166
"1543","87-2-10-870611",2,587,35,3,603,0.97346600331675
"1544","87-2-10-870611",12,127,35,3,603,0.2106135986733
"1545","87-3-15-870326",1,181,9,2,638,0.283699059561129
"1546","87-3-15-870326",2,258,9,2,638,0.404388714733542
"1547","87-3-15-870326",12,0,9,2,638,0
"1548","87-3-15-870401",1,184,15,2,627,0.293460925039872
"1549","87-3-15-870401",2,241,15,2,627,0.384370015948963
"1550","87-3-15-870401",12,0,15,2,627,0
"1551","87-3-15-870407",1,321,21,2,716,0.448324022346369
"1552","87-3-15-870407",2,135,21,2,716,0.18854748603352
"1553","87-3-15-870407",12,0,21,2,716,0
"1554","87-3-15-870413",1,332,27,2,706,0.470254957507082
"1555","87-3-15-870413",2,266,27,2,706,0.376770538243626
"1556","87-3-15-870413",12,0,27,2,706,0
"1557","87-3-15-870420",1,239,33,2,655,0.364885496183206
"1558","87-3-15-870420",2,285,33,2,655,0.435114503816794
"1559","87-3-15-870420",12,0,33,2,655,0
"1560","87-3-15-870426",1,394,5,3,645,0.610852713178295
"1561","87-3-15-870426",2,117,5,3,645,0.181395348837209
"1562","87-3-15-870426",12,0,5,3,645,0
"1563","87-3-15-870501",1,272,11,3,638,0.426332288401254
"1564","87-3-15-870501",2,250,11,3,638,0.391849529780564
"1565","87-3-15-870501",12,6,11,3,638,0.00940438871473354
"1566","87-3-15-870507",1,334,17,3,630,0.53015873015873
"1567","87-3-15-870507",2,231,17,3,630,0.366666666666667
"1568","87-3-15-870507",12,36,17,3,630,0.0571428571428571
"1569","87-3-15-870513",1,152,23,3,622,0.244372990353698
"1570","87-3-15-870513",2,365,23,3,622,0.586816720257235
"1571","87-3-15-870513",12,18,23,3,622,0.0289389067524116
"1572","87-3-15-870519",1,561,29,3,616,0.910714285714286
"1573","87-3-15-870519",2,263,29,3,616,0.426948051948052
"1574","87-3-15-870519",12,128,29,3,616,0.207792207792208
"1575","87-3-15-870526",1,593,35,3,610,0.972131147540984
"1576","87-3-15-870526",2,348,35,3,610,0.570491803278689
"1577","87-3-15-870526",12,11,35,3,610,0.0180327868852459
"1578","87-3-14-870325",1,389,-9,1,640,0.6078125
"1579","87-3-14-870325",12,0,-9,1,640,0
"1580","87-3-14-870331",1,195,-3,1,629,0.310015898251192
"1581","87-3-14-870331",2,166,-3,1,629,0.263910969793323
"1582","87-3-14-870331",12,102,-3,1,629,0.162162162162162
"1583","87-3-14-870406",1,202,3,2,718,0.28133704735376
"1584","87-3-14-870406",2,54,3,2,718,0.0752089136490251
"1585","87-3-14-870406",12,0,3,2,718,0
"1586","87-3-14-870412",1,381,9,2,708,0.538135593220339
"1587","87-3-14-870412",2,82,9,2,708,0.115819209039548
"1588","87-3-14-870412",12,0,9,2,708,0
"1589","87-3-14-870421",1,264,15,2,653,0.404287901990812
"1590","87-3-14-870421",2,199,15,2,653,0.304747320061256
"1591","87-3-14-870421",12,0,15,2,653,0
"1592","87-3-14-870424",1,160,21,2,648,0.246913580246914
"1593","87-3-14-870424",2,5,21,2,648,0.00771604938271605
"1594","87-3-14-870424",12,0,21,2,648,0
"1595","87-3-14-870430",1,210,27,2,639,0.328638497652582
"1596","87-3-14-870430",2,185,27,2,639,0.289514866979656
"1597","87-3-14-870430",12,0,27,2,639,0
"1598","87-3-14-870506",1,170,33,2,631,0.269413629160063
"1599","87-3-14-870506",2,117,33,2,631,0.185419968304279
"1600","87-3-14-870506",12,0,33,2,631,0
"1601","87-3-14-870512",1,220,5,3,624,0.352564102564103
"1602","87-3-14-870512",12,0,5,3,624,0
"1603","87-3-14-870520",1,435,11,3,615,0.707317073170732
"1604","87-3-14-870520",2,144,11,3,615,0.234146341463415
"1605","87-3-14-870520",12,80,11,3,615,0.130081300813008
"1606","87-3-14-870525",1,382,17,3,611,0.625204582651391
"1607","87-3-14-870525",2,252,17,3,611,0.412438625204583
"1608","87-3-14-870525",12,83,17,3,611,0.135842880523732
"1609","87-3-14-870531",1,406,23,3,607,0.668863261943987
"1610","87-3-14-870531",2,318,23,3,607,0.523887973640857
"1611","87-3-14-870531",12,84,23,3,607,0.13838550247117
"1612","87-3-14-870605",1,351,29,3,605,0.580165289256198
"1613","87-3-14-870605",2,488,29,3,605,0.806611570247934
"1614","87-3-14-870605",12,84,29,3,605,0.138842975206612
"1615","87-3-14-870612",1,249,35,3,603,0.412935323383085
"1616","87-3-14-870612",2,208,35,3,603,0.344941956882255
"1617","87-3-14-870612",12,50,35,3,603,0.0829187396351575
"1618","87-1-3-870325",1,572,9,2,640,0.89375
"1619","87-1-3-870325",12,0,9,2,640,0
"1620","87-1-3-870331",1,341,15,2,629,0.542130365659777
"1621","87-1-3-870331",2,291,15,2,629,0.462639109697933
"1622","87-1-3-870331",12,0,15,2,629,0
"1623","87-1-3-870406",1,432,21,2,718,0.601671309192201
"1624","87-1-3-870406",2,165,21,2,718,0.229805013927577
"1625","87-1-3-870406",12,3,21,2,718,0.00417827298050139
"1626","87-1-3-870412",1,186,27,2,708,0.26271186440678
"1627","87-1-3-870412",2,280,27,2,708,0.395480225988701
"1628","87-1-3-870412",12,0,27,2,708,0
"1629","87-1-3-870419",1,114,33,2,656,0.173780487804878
"1630","87-1-3-870419",2,232,33,2,656,0.353658536585366
"1631","87-1-3-870419",12,0,33,2,656,0
"1632","87-1-3-870424",1,376,5,3,648,0.580246913580247
"1633","87-1-3-870424",2,61,5,3,648,0.0941358024691358
"1634","87-1-3-870424",12,0,5,3,648,0
"1635","87-1-3-870430",1,407,11,3,639,0.636932707355243
"1636","87-1-3-870430",2,83,11,3,639,0.129890453834116
"1637","87-1-3-870430",12,0,11,3,639,0
"1638","87-1-3-870506",1,378,17,3,631,0.59904912836767
"1639","87-1-3-870506",2,59,17,3,631,0.0935023771790808
"1640","87-1-3-870506",12,18,17,3,631,0.0285261489698891
"1641","87-1-3-870512",1,401,23,3,624,0.642628205128205
"1642","87-1-3-870512",2,394,23,3,624,0.631410256410256
"1643","87-1-3-870512",12,131,23,3,624,0.209935897435897
"1644","87-1-3-870518",1,518,29,3,617,0.839546191247974
"1645","87-1-3-870518",2,565,29,3,617,0.915721231766613
"1646","87-1-3-870518",12,249,29,3,617,0.403565640194489
"1647","87-1-3-870525",1,290,35,3,611,0.474631751227496
"1648","87-1-3-870525",2,535,35,3,611,0.875613747954173
"1649","87-1-3-870525",12,99,35,3,611,0.1620294599018
"1650","87-1-2-870326",1,183,3,2,638,0.286833855799373
"1651","87-1-2-870326",2,231,3,2,638,0.362068965517241
"1652","87-1-2-870326",12,0,3,2,638,0
"1653","87-1-2-870401",2,197,9,2,627,0.314194577352472
"1654","87-1-2-870401",12,0,9,2,627,0
"1655","87-1-2-870407",1,274,15,2,716,0.38268156424581
"1656","87-1-2-870407",2,141,15,2,716,0.196927374301676
"1657","87-1-2-870407",12,0,15,2,716,0
"1658","87-1-2-870413",1,327,21,2,706,0.463172804532578
"1659","87-1-2-870413",2,60,21,2,706,0.084985835694051
"1660","87-1-2-870413",12,0,21,2,706,0
"1661","87-1-2-870420",1,356,27,2,655,0.543511450381679
"1662","87-1-2-870420",2,82,27,2,655,0.125190839694656
"1663","87-1-2-870420",12,0,27,2,655,0
"1664","87-1-2-870426",1,205,0,3,645,0.317829457364341
"1665","87-1-2-870426",2,106,0,3,645,0.164341085271318
"1666","87-1-2-870426",12,0,0,3,645,0
"1667","87-1-2-870501",1,321,5,3,638,0.503134796238245
"1668","87-1-2-870501",12,0,5,3,638,0
"1669","87-1-2-870507",1,450,11,3,630,0.714285714285714
"1670","87-1-2-870507",2,69,11,3,630,0.10952380952381
"1671","87-1-2-870507",12,2,11,3,630,0.00317460317460317
"1672","87-1-2-870513",1,280,17,3,622,0.45016077170418
"1673","87-1-2-870513",2,96,17,3,622,0.154340836012862
"1674","87-1-2-870513",12,0,17,3,622,0
"1675","87-1-2-870519",1,435,23,3,616,0.706168831168831
"1676","87-1-2-870519",2,87,23,3,616,0.141233766233766
"1677","87-1-2-870519",12,8,23,3,616,0.012987012987013
"1678","87-1-2-870526",1,670,29,3,610,1.09836065573771
"1679","87-1-2-870526",2,147,29,3,610,0.240983606557377
"1680","87-1-2-870526",12,18,29,3,610,0.0295081967213115
"1681","87-1-2-870601",1,624,35,3,607,1.02800658978583
"1682","87-1-2-870601",2,505,35,3,607,0.831960461285008
"1683","87-1-2-870601",12,149,35,3,607,0.245469522240527
"1684","87-3-13-870325",1,334,-3,1,640,0.521875
"1685","87-3-13-870325",2,10,-3,1,640,0.015625
"1686","87-3-13-870325",12,5,-3,1,640,0.0078125
"1687","87-3-13-870331",1,393,3,2,629,0.624801271860095
"1688","87-3-13-870331",2,123,3,2,629,0.195548489666137
"1689","87-3-13-870331",12,0,3,2,629,0
"1690","87-3-13-870406",1,186,9,2,718,0.259052924791086
"1691","87-3-13-870406",2,149,9,2,718,0.207520891364903
"1692","87-3-13-870406",12,0,9,2,718,0
"1693","87-3-13-870412",1,160,15,2,708,0.225988700564972
"1694","87-3-13-870412",2,241,15,2,708,0.340395480225989
"1695","87-3-13-870412",12,0,15,2,708,0
"1696","87-3-13-870419",1,209,21,2,656,0.31859756097561
"1697","87-3-13-870419",2,30,21,2,656,0.0457317073170732
"1698","87-3-13-870419",12,0,21,2,656,0
"1699","87-3-13-870424",1,193,27,2,648,0.297839506172839
"1700","87-3-13-870424",2,223,27,2,648,0.344135802469136
"1701","87-3-13-870424",12,0,27,2,648,0
"1702","87-3-13-870430",1,214,6,4,639,0.33489827856025
"1703","87-3-13-870430",2,95,6,4,639,0.148669796557121
"1704","87-3-13-870430",12,0,6,4,639,0
"1705","87-3-13-870506",1,175,12,4,631,0.277337559429477
"1706","87-3-13-870506",2,451,12,4,631,0.714738510301109
"1707","87-3-13-870506",12,65,12,4,631,0.103011093502377
"1708","87-3-12-870324",1,381,9,2,641,0.594383775351014
"1709","87-3-12-870324",2,57,9,2,641,0.0889235569422777
"1710","87-3-12-870324",12,1,9,2,641,0.0015600624024961
"1711","87-3-12-870402",1,253,15,2,625,0.4048
"1712","87-3-12-870402",2,11,15,2,625,0.0176
"1713","87-3-12-870402",12,0,15,2,625,0
"1714","87-3-12-870405",1,339,21,2,720,0.470833333333333
"1715","87-3-12-870405",2,63,21,2,720,0.0875
"1716","87-3-12-870405",12,0,21,2,720,0
"1717","87-3-12-870410",1,364,27,2,711,0.511954992967651
"1718","87-3-12-870410",2,100,27,2,711,0.140646976090014
"1719","87-3-12-870410",12,0,27,2,711,0
"1720","87-3-12-870416",1,225,33,2,701,0.320970042796006
"1721","87-3-12-870416",2,51,33,2,701,0.072753209700428
"1722","87-3-12-870416",12,0,33,2,701,0
"1723","87-3-12-870423",1,399,5,3,650,0.613846153846154
"1724","87-3-12-870423",2,16,5,3,650,0.0246153846153846
"1725","87-3-12-870423",12,0,5,3,650,0
"1726","87-3-12-870429",1,265,11,3,641,0.413416536661466
"1727","87-3-12-870429",2,77,11,3,641,0.1201248049922
"1728","87-3-12-870429",12,6,11,3,641,0.0093603744149766
"1729","87-3-12-870501",1,286,13,3,638,0.448275862068966
"1730","87-3-12-870501",2,110,13,3,638,0.172413793103448
"1731","87-3-12-870501",12,0,13,3,638,0
"1732","87-3-12-870505",1,585,17,3,632,0.925632911392405
"1733","87-3-12-870505",2,181,17,3,632,0.286392405063291
"1734","87-3-12-870505",12,2,17,3,632,0.00316455696202532
"1735","87-3-12-870511",1,390,23,3,625,0.624
"1736","87-3-12-870511",2,211,23,3,625,0.3376
"1737","87-3-12-870511",12,43,23,3,625,0.0688
"1738","87-3-12-870512",1,339,24,3,624,0.543269230769231
"1739","87-3-12-870512",2,411,24,3,624,0.658653846153846
"1740","87-3-12-870512",12,70,24,3,624,0.112179487179487
"1741","87-3-12-870517",1,485,29,3,618,0.784789644012945
"1742","87-3-12-870517",2,67,29,3,618,0.108414239482201
"1743","87-3-12-870517",12,22,29,3,618,0.0355987055016181
"1744","87-3-12-870522",1,86,35,3,613,0.140293637846656
"1745","87-3-12-870522",2,267,35,3,613,0.435562805872757
"1746","87-3-12-870522",12,41,35,3,613,0.066884176182708
"1747","87-3-11-870327",1,515,-27,1,636,0.809748427672956
"1748","87-3-11-870327",2,61,-27,1,636,0.0959119496855346
"1749","87-3-11-870327",12,0,-27,1,636,0
"1750","87-3-11-870401",1,326,-21,1,627,0.51993620414673
"1751","87-3-11-870401",2,179,-21,1,627,0.28548644338118
"1752","87-3-11-870401",12,6,-21,1,627,0.00956937799043062
"1753","87-3-11-870407",1,680,-15,1,716,0.949720670391061
"1754","87-3-11-870407",2,165,-15,1,716,0.230446927374302
"1755","87-3-11-870407",12,19,-15,1,716,0.026536312849162
"1756","87-3-11-870413",1,609,-9,1,706,0.862606232294618
"1757","87-3-11-870413",2,133,-9,1,706,0.188385269121813
"1758","87-3-11-870413",12,60,-9,1,706,0.084985835694051
"1759","87-3-11-870420",1,609,-3,1,655,0.929770992366412
"1760","87-3-11-870420",2,36,-3,1,655,0.0549618320610687
"1761","87-3-11-870420",12,8,-3,1,655,0.0122137404580153
"1762","87-3-11-870426",1,891,6,4,645,1.38139534883721
"1763","87-3-11-870426",2,732,6,4,645,1.13488372093023
"1764","87-3-11-870426",12,5,6,4,645,0.00775193798449612
"1765","85-3-11-850326",1,229,-15,1,638,0.358934169278997
"1766","85-3-11-850326",2,141,-15,1,638,0.221003134796238
"1767","85-3-11-850326",12,34,-15,1,638,0.0532915360501567
"1768","85-3-11-850401",1,373,-9,1,627,0.594896331738437
"1769","85-3-11-850401",2,92,-9,1,627,0.146730462519936
"1770","85-3-11-850401",12,5,-9,1,627,0.00797448165869218
"1771","85-3-11-850407",1,401,-3,1,616,0.650974025974026
"1772","85-3-11-850407",2,12,-3,1,616,0.0194805194805195
"1773","85-3-11-850407",12,13,-3,1,616,0.0211038961038961
"1774","85-3-11-850513",1,332,0,3,622,0.533762057877814
"1775","85-3-11-850513",2,180,0,3,622,0.289389067524116
"1776","85-3-11-850513",12,5,0,3,622,0.00803858520900321
"1777","85-3-11-850413",1,342,3,2,606,0.564356435643564
"1778","85-3-11-850413",2,142,3,2,606,0.234323432343234
"1779","85-3-11-850413",12,0,3,2,606,0
"1780","85-3-11-850519",1,564,5,3,616,0.915584415584416
"1781","85-3-11-850519",2,18,5,3,616,0.0292207792207792
"1782","85-3-11-850519",12,0,5,3,616,0
"1783","85-3-11-850419",1,242,9,2,552,0.438405797101449
"1784","85-3-11-850419",2,19,9,2,552,0.0344202898550725
"1785","85-3-11-850419",12,0,9,2,552,0
"1786","85-3-11-850525",1,647,11,3,611,1.05891980360065
"1787","85-3-11-850525",2,21,11,3,611,0.0343698854337152
"1788","85-3-11-850525",12,0,11,3,611,0
"1789","85-3-11-850425",1,331,15,2,547,0.605118829981719
"1790","85-3-11-850425",2,62,15,2,547,0.113345521023766
"1791","85-3-11-850425",12,0,15,2,547,0
"1792","85-3-11-850531",1,850,17,3,607,1.4003294892916
"1793","85-3-11-850531",2,596,17,3,607,0.981878088962109
"1794","85-3-11-850531",12,336,17,3,607,0.553542009884679
"1795","85-3-11-850501",1,503,21,2,638,0.788401253918495
"1796","85-3-11-850501",2,100,21,2,638,0.156739811912226
"1797","85-3-11-850501",12,0,21,2,638,0
"1798","85-3-11-850606",1,852,23,3,604,1.41059602649007
"1799","85-3-11-850606",2,335,23,3,604,0.554635761589404
"1800","85-3-11-850606",12,88,23,3,604,0.145695364238411
"1801","85-3-11-850507",1,270,27,2,630,0.428571428571429
"1802","85-3-11-850507",2,199,27,2,630,0.315873015873016
"1803","85-3-11-850507",12,0,27,2,630,0
"1804","85-3-11-850612",1,667,29,3,603,1.106135986733
"1805","85-3-11-850612",2,256,29,3,603,0.424543946932007
"1806","85-3-11-850612",12,108,29,3,603,0.17910447761194
"1807","85-3-11-850618",1,663,35,3,603,1.09950248756219
"1808","85-3-11-850618",2,229,35,3,603,0.379767827529022
"1809","85-3-11-850618",12,87,35,3,603,0.144278606965174
