"","ID","SEX","SumAbsent","DAYN","STAGE","Day_Length","PercentAbsent"
"1","84-1-1-840406",1,619,-3,1,802,0.771820448877805
"2","84-1-1-840406",2,104,-3,1,802,0.129675810473815
"3","84-1-1-840406",12,67,-3,1,802,0.0835411471321696
"4","84-1-1-840412",1,560,3,2,780,0.717948717948718
"5","84-1-1-840412",2,0,3,2,780,0
"6","84-1-1-840412",12,0,3,2,780,0
"7","84-1-1-840418",1,515,9,2,850,0.605882352941176
"8","84-1-1-840418",2,152,9,2,850,0.178823529411765
"9","84-1-1-840418",12,0,9,2,850,0
"10","84-1-1-840424",1,477,15,2,745,0.640268456375839
"11","84-1-1-840424",2,47,15,2,745,0.0630872483221477
"12","84-1-1-840424",12,0,15,2,745,0
"13","84-1-1-840430",1,600,21,2,830,0.72289156626506
"14","84-1-1-840430",2,76,21,2,830,0.091566265060241
"15","84-1-1-840430",12,0,21,2,830,0
"16","84-1-1-840506",1,482,27,2,875,0.550857142857143
"17","84-1-1-840506",2,62,27,2,875,0.0708571428571429
"18","84-1-1-840506",12,0,27,2,875,0
"19","84-1-1-840512",1,686,0,3,905,0.758011049723757
"20","84-1-1-840512",2,15,0,3,905,0.0165745856353591
"21","84-1-1-840512",12,0,0,3,905,0
"22","84-1-1-840518",1,677,5,3,925,0.731891891891892
"23","84-1-1-840518",2,23,5,3,925,0.0248648648648649
"24","84-1-1-840518",12,1,5,3,925,0.00108108108108108
"25","84-1-1-840524",1,575,11,3,925,0.621621621621622
"26","84-1-1-840524",2,66,11,3,925,0.0713513513513514
"27","84-1-1-840524",12,6,11,3,925,0.00648648648648649
"28","84-1-1-840530",1,584,17,3,940,0.621276595744681
"29","84-1-1-840530",2,89,17,3,940,0.0946808510638298
"30","84-1-1-840530",12,84,17,3,940,0.0893617021276596
"31","84-1-1-840605",1,673,23,3,930,0.723655913978495
"32","84-1-1-840605",2,399,23,3,930,0.429032258064516
"33","84-1-1-840605",12,309,23,3,930,0.332258064516129
"34","84-1-1-840611",1,707,29,3,933,0.757770632368703
"35","84-1-1-840611",2,510,29,3,933,0.546623794212219
"36","84-1-1-840611",12,461,29,3,933,0.494105037513398
"37","84-1-2-840410",1,468,3,2,810,0.577777777777778
"38","84-1-2-840410",2,103,3,2,810,0.12716049382716
"39","84-1-2-840410",12,1,3,2,810,0.00123456790123457
"40","84-1-2-840416",1,392,9,2,825,0.475151515151515
"41","84-1-2-840416",2,41,9,2,825,0.0496969696969697
"42","84-1-2-840416",12,0,9,2,825,0
"43","84-1-2-840422",1,435,15,2,720,0.604166666666667
"44","84-1-2-840422",2,2,15,2,720,0.00277777777777778
"45","84-1-2-840422",12,0,15,2,720,0
"46","84-1-2-840428",1,349,21,2,830,0.420481927710843
"47","84-1-2-840428",2,244,21,2,830,0.293975903614458
"48","84-1-2-840428",12,0,21,2,830,0
"49","84-1-2-840504",1,495,27,2,850,0.582352941176471
"50","84-1-2-840504",2,217,27,2,850,0.255294117647059
"51","84-1-2-840504",12,1,27,2,850,0.00117647058823529
"52","84-1-2-840510",1,413,33,2,915,0.451366120218579
"53","84-1-2-840510",2,125,33,2,915,0.136612021857924
"54","84-1-2-840510",12,1,33,2,915,0.00109289617486339
"55","84-1-2-840516",1,479,5,3,910,0.526373626373626
"56","84-1-2-840516",2,13,5,3,910,0.0142857142857143
"57","84-1-2-840516",12,12,5,3,910,0.0131868131868132
"58","84-1-2-840522",1,708,11,3,930,0.761290322580645
"59","84-1-2-840522",2,130,11,3,930,0.139784946236559
"60","84-1-2-840522",12,36,11,3,930,0.0387096774193548
"61","84-1-2-840528",1,499,17,3,930,0.536559139784946
"62","84-1-2-840528",2,428,17,3,930,0.460215053763441
"63","84-1-2-840528",12,347,17,3,930,0.373118279569892
"64","84-1-2-840603",1,503,23,3,920,0.546739130434783
"65","84-1-2-840603",2,421,23,3,920,0.457608695652174
"66","84-1-2-840603",12,330,23,3,920,0.358695652173913
"67","84-1-2-840609",1,579,29,3,935,0.619251336898396
"68","84-1-2-840609",2,610,29,3,935,0.6524064171123
"69","84-1-2-840609",12,450,29,3,935,0.481283422459893
"70","84-1-2-840615",1,857,35,3,920,0.931521739130435
"71","84-1-2-840615",2,570,35,3,920,0.619565217391304
"72","84-1-2-840615",12,543,35,3,920,0.590217391304348
"73","84-1-3-840407",1,476,-3,1,720,0.661111111111111
"74","84-1-3-840407",2,0,-3,1,720,0
"75","84-1-3-840407",12,0,-3,1,720,0
"76","84-1-3-840413",1,314,3,2,780,0.402564102564103
"77","84-1-3-840413",2,102,3,2,780,0.130769230769231
"78","84-1-3-840413",12,0,3,2,780,0
"79","84-1-3-840419",1,461,9,2,790,0.583544303797468
"80","84-1-3-840419",2,175,9,2,790,0.221518987341772
"81","84-1-3-840419",12,0,9,2,790,0
"82","84-1-3-840425",1,589,15,2,800,0.73625
"83","84-1-3-840425",2,0,15,2,800,0
"84","84-1-3-840425",12,0,15,2,800,0
"85","84-1-3-840501",1,240,21,2,820,0.292682926829268
"86","84-1-3-840501",2,268,21,2,820,0.326829268292683
"87","84-1-3-840501",12,0,21,2,820,0
"88","84-1-3-840507",1,327,27,2,870,0.375862068965517
"89","84-1-3-840507",2,222,27,2,870,0.255172413793103
"90","84-1-3-840507",12,3,27,2,870,0.00344827586206897
"91","84-1-3-840513",1,426,33,2,902,0.472283813747228
"92","84-1-3-840513",2,40,33,2,902,0.0443458980044346
"93","84-1-3-840513",12,1,33,2,902,0.00110864745011086
"94","84-1-3-840519",1,555,5,3,915,0.60655737704918
"95","84-1-3-840519",2,70,5,3,915,0.0765027322404372
"96","84-1-3-840519",12,12,5,3,915,0.0131147540983607
"97","84-1-3-840525",1,567,11,3,922,0.614967462039046
"98","84-1-3-840525",2,374,11,3,922,0.405639913232104
"99","84-1-3-840525",12,225,11,3,922,0.244034707158351
"100","84-1-3-840531",1,438,17,3,935,0.468449197860963
"101","84-1-3-840531",2,398,17,3,935,0.425668449197861
"102","84-1-3-840531",12,140,17,3,935,0.149732620320856
"103","84-1-3-840606",1,399,23,3,910,0.438461538461538
"104","84-1-3-840606",2,260,23,3,910,0.285714285714286
"105","84-1-3-840606",12,212,23,3,910,0.232967032967033
"106","84-1-3-840612",1,766,29,3,930,0.823655913978495
"107","84-1-3-840612",2,210,29,3,930,0.225806451612903
"108","84-1-3-840612",12,214,29,3,930,0.23010752688172
"109","84-1-3-840618",1,679,35,3,945,0.718518518518519
"110","84-1-3-840618",2,553,35,3,945,0.585185185185185
"111","84-1-3-840618",12,365,35,3,945,0.386243386243386
"112","84-1-4-840409",1,285,3,2,780,0.365384615384615
"113","84-1-4-840409",2,43,3,2,780,0.0551282051282051
"114","84-1-4-840409",12,0,3,2,780,0
"115","84-1-4-840415",1,520,9,2,804,0.646766169154229
"116","84-1-4-840415",2,139,9,2,804,0.172885572139303
"117","84-1-4-840415",12,1,9,2,804,0.00124378109452736
"118","84-1-4-840421",1,572,15,2,820,0.697560975609756
"119","84-1-4-840421",2,126,15,2,820,0.153658536585366
"120","84-1-4-840421",12,1,15,2,820,0.00121951219512195
"121","84-1-4-840427",1,405,21,2,810,0.5
"122","84-1-4-840427",2,127,21,2,810,0.15679012345679
"123","84-1-4-840427",12,0,21,2,810,0
"124","84-1-4-840503",1,424,27,2,905,0.468508287292818
"125","84-1-4-840503",2,260,27,2,905,0.287292817679558
"126","84-1-4-840503",12,1,27,2,905,0.00110497237569061
"127","84-1-4-840509",1,581,0,3,865,0.671676300578035
"128","84-1-4-840509",2,64,0,3,865,0.0739884393063584
"129","84-1-4-840509",12,16,0,3,865,0.0184971098265896
"130","84-1-4-840513",1,276,5,3,915,0.301639344262295
"131","84-1-4-840513",2,18,5,3,915,0.019672131147541
"132","84-1-4-840513",12,0,5,3,915,0
"133","84-1-4-840521",1,581,11,3,920,0.631521739130435
"134","84-1-4-840521",2,133,11,3,920,0.144565217391304
"135","84-1-4-840521",12,132,11,3,920,0.143478260869565
"136","84-1-4-840527",1,666,17,3,930,0.716129032258065
"137","84-1-4-840527",2,59,17,3,930,0.0634408602150538
"138","84-1-4-840527",12,60,17,3,930,0.0645161290322581
"139","84-1-4-840602",1,551,23,3,930,0.59247311827957
"140","84-1-4-840602",2,96,23,3,930,0.103225806451613
"141","84-1-4-840602",12,90,23,3,930,0.0967741935483871
"142","84-1-4-840608",1,717,29,3,950,0.754736842105263
"143","84-1-4-840608",2,100,29,3,950,0.105263157894737
"144","84-1-4-840608",12,34,29,3,950,0.0357894736842105
"145","84-1-4-840614",1,718,35,3,940,0.763829787234043
"146","84-1-4-840614",2,408,35,3,940,0.434042553191489
"147","84-1-4-840614",12,264,35,3,940,0.280851063829787
"148","84-2-5-840416",1,768,3,2,793,0.968474148802018
"149","84-2-5-840416",2,2,3,2,793,0.00252206809583859
"150","84-2-5-840416",12,0,3,2,793,0
"151","84-2-5-840422",1,179,9,2,805,0.222360248447205
"152","84-2-5-840422",2,60,9,2,805,0.0745341614906832
"153","84-2-5-840422",12,0,9,2,805,0
"154","84-2-5-840428",1,228,15,2,810,0.281481481481481
"155","84-2-5-840428",2,27,15,2,810,0.0333333333333333
"156","84-2-5-840428",12,0,15,2,810,0
"157","84-2-5-840504",1,202,21,2,855,0.23625730994152
"158","84-2-5-840504",2,179,21,2,855,0.209356725146199
"159","84-2-5-840504",12,0,21,2,855,0
"160","84-2-5-840510",1,372,27,2,870,0.427586206896552
"161","84-2-5-840510",2,26,27,2,870,0.0298850574712644
"162","84-2-5-840510",12,1,27,2,870,0.00114942528735632
"163","84-2-5-840516",1,378,33,2,885,0.427118644067797
"164","84-2-5-840516",2,0,33,2,885,0
"165","84-2-5-840516",12,0,33,2,885,0
"166","84-2-5-840522",1,574,5,3,910,0.630769230769231
"167","84-2-5-840522",2,21,5,3,910,0.0230769230769231
"168","84-2-5-840522",12,22,5,3,910,0.0241758241758242
"169","84-2-5-840528",1,435,11,3,915,0.475409836065574
"170","84-2-5-840528",2,0,11,3,915,0
"171","84-2-5-840528",12,0,11,3,915,0
"172","84-2-5-840603",1,616,17,3,935,0.658823529411765
"173","84-2-5-840603",2,246,17,3,935,0.263101604278075
"174","84-2-5-840603",12,199,17,3,935,0.21283422459893
"175","84-2-5-840609",1,436,23,3,930,0.468817204301075
"176","84-2-5-840609",2,363,23,3,930,0.390322580645161
"177","84-2-5-840609",12,108,23,3,930,0.116129032258065
"178","84-2-5-840615",1,476,29,3,933,0.510182207931404
"179","84-2-5-840615",2,632,29,3,933,0.677384780278671
"180","84-2-5-840615",12,440,29,3,933,0.471596998928189
"181","84-2-6-840415",1,505,21,2,810,0.623456790123457
"182","84-2-6-840415",2,234,21,2,810,0.288888888888889
"183","84-2-6-840415",12,0,21,2,810,0
"184","84-2-6-840421",1,357,27,2,835,0.427544910179641
"185","84-2-6-840421",2,70,27,2,835,0.0838323353293413
"186","84-2-6-840421",12,1,27,2,835,0.00119760479041916
"187","84-2-6-840427",1,525,0,3,820,0.640243902439024
"188","84-2-6-840427",2,77,0,3,820,0.0939024390243902
"189","84-2-6-840427",12,1,0,3,820,0.00121951219512195
"190","84-2-6-840503",1,648,5,3,840,0.771428571428571
"191","84-2-6-840503",2,28,5,3,840,0.0333333333333333
"192","84-2-6-840503",12,23,5,3,840,0.0273809523809524
"193","84-2-6-840509",1,681,11,3,889,0.766029246344207
"194","84-2-6-840509",2,13,11,3,889,0.0146231721034871
"195","84-2-6-840509",12,16,11,3,889,0.0179977502812148
"196","84-2-6-840515",1,263,17,3,894,0.294183445190157
"197","84-2-6-840515",2,151,17,3,894,0.168903803131991
"198","84-2-6-840515",12,55,17,3,894,0.0615212527964206
"199","84-2-6-840521",1,419,23,3,882,0.475056689342404
"200","84-2-6-840521",2,59,23,3,882,0.0668934240362812
"201","84-2-6-840521",12,15,23,3,882,0.0170068027210884
"202","84-2-6-840527",1,558,29,3,918,0.607843137254902
"203","84-2-6-840527",2,352,29,3,918,0.383442265795207
"204","84-2-6-840527",12,158,29,3,918,0.172113289760349
"205","84-2-6-840602",1,246,35,3,920,0.267391304347826
"206","84-2-6-840602",2,204,35,3,920,0.221739130434783
"207","84-2-6-840602",12,5,35,3,920,0.00543478260869565
"208","84-2-7-840407",1,418,9,2,733,0.570259208731241
"209","84-2-7-840407",2,37,9,2,733,0.0504774897680764
"210","84-2-7-840407",12,0,9,2,733,0
"211","84-2-7-840413",1,556,15,2,790,0.70379746835443
"212","84-2-7-840413",2,220,15,2,790,0.278481012658228
"213","84-2-7-840413",12,2,15,2,790,0.00253164556962025
"214","84-2-7-840419",1,476,21,2,788,0.604060913705584
"215","84-2-7-840419",2,0,21,2,788,0
"216","84-2-7-840419",12,0,21,2,788,0
"217","84-2-7-840425",1,440,27,2,810,0.54320987654321
"218","84-2-7-840425",2,115,27,2,810,0.141975308641975
"219","84-2-7-840425",12,0,27,2,810,0
"220","84-2-7-840501",1,354,33,2,855,0.414035087719298
"221","84-2-7-840501",2,85,33,2,855,0.0994152046783626
"222","84-2-7-840501",12,30,33,2,855,0.0350877192982456
"223","84-2-7-840507",1,494,5,3,855,0.577777777777778
"224","84-2-7-840507",2,176,5,3,855,0.205847953216374
"225","84-2-7-840507",12,2,5,3,855,0.00233918128654971
"226","84-2-7-840515",1,456,11,3,900,0.506666666666667
"227","84-2-7-840515",2,55,11,3,900,0.0611111111111111
"228","84-2-7-840515",12,46,11,3,900,0.0511111111111111
"229","84-2-7-840519",1,509,17,3,930,0.547311827956989
"230","84-2-7-840519",2,497,17,3,930,0.534408602150538
"231","84-2-7-840519",12,245,17,3,930,0.263440860215054
"232","84-2-7-840525",1,558,23,3,920,0.606521739130435
"233","84-2-7-840525",2,682,23,3,920,0.741304347826087
"234","84-2-7-840525",12,440,23,3,920,0.478260869565217
"235","84-2-7-840531",1,821,29,3,940,0.873404255319149
"236","84-2-7-840531",2,435,29,3,940,0.462765957446808
"237","84-2-7-840531",12,408,29,3,940,0.434042553191489
"238","84-2-7-840606",1,418,35,3,940,0.44468085106383
"239","84-2-7-840606",2,328,35,3,940,0.348936170212766
"240","84-2-7-840606",12,133,35,3,940,0.141489361702128
"241","84-2-8-840424",1,289,21,2,741,0.390013495276653
"242","84-2-8-840424",2,0,21,2,741,0
"243","84-2-8-840424",12,0,21,2,741,0
"244","84-2-8-840430",1,245,27,2,825,0.296969696969697
"245","84-2-8-840430",2,27,27,2,825,0.0327272727272727
"246","84-2-8-840430",12,0,27,2,825,0
"247","84-2-8-840506",1,514,33,2,875,0.587428571428571
"248","84-2-8-840506",2,0,33,2,875,0
"249","84-2-8-840506",12,0,33,2,875,0
"250","84-2-8-840512",1,715,5,3,895,0.798882681564246
"251","84-2-8-840512",2,0,5,3,895,0
"252","84-2-8-840512",12,0,5,3,895,0
"253","84-2-8-840518",1,356,11,3,895,0.397765363128492
"254","84-2-8-840518",2,206,11,3,895,0.230167597765363
"255","84-2-8-840518",12,22,11,3,895,0.0245810055865922
"256","84-2-8-840524",1,596,17,3,905,0.658563535911602
"257","84-2-8-840524",2,317,17,3,905,0.350276243093923
"258","84-2-8-840524",12,180,17,3,905,0.198895027624309
"259","84-2-8-840530",1,487,23,3,945,0.515343915343915
"260","84-2-8-840530",2,256,23,3,945,0.270899470899471
"261","84-2-8-840530",12,33,23,3,945,0.0349206349206349
"262","84-2-8-840605",1,667,29,3,910,0.732967032967033
"263","84-2-8-840605",2,220,29,3,910,0.241758241758242
"264","84-2-8-840605",12,223,29,3,910,0.245054945054945
"265","84-2-8-840611",1,642,35,3,930,0.690322580645161
"266","84-2-8-840611",2,96,35,3,930,0.103225806451613
"267","84-2-8-840611",12,99,35,3,930,0.106451612903226
"268","85-1-1-850325",1,585,-9,1,760,0.769736842105263
"269","85-1-1-850325",2,43,-9,1,760,0.0565789473684211
"270","85-1-1-850325",12,44,-9,1,760,0.0578947368421053
"271","85-1-1-850331",1,557,-3,1,770,0.723376623376623
"272","85-1-1-850331",2,144,-3,1,770,0.187012987012987
"273","85-1-1-850331",12,145,-3,1,770,0.188311688311688
"274","85-1-1-850406",1,395,3,2,817,0.483476132190942
"275","85-1-1-850406",2,139,3,2,817,0.170134638922889
"276","85-1-1-850406",12,95,3,2,817,0.116279069767442
"277","85-1-1-850412",1,355,9,2,849,0.418138987043581
"278","85-1-1-850412",2,195,9,2,849,0.229681978798587
"279","85-1-1-850412",12,0,9,2,849,0
"280","85-1-1-850418",1,273,15,2,869,0.31415420023015
"281","85-1-1-850418",2,162,15,2,869,0.186421173762946
"282","85-1-1-850418",12,0,15,2,869,0
"283","85-1-1-850424",1,401,21,2,875,0.458285714285714
"284","85-1-1-850424",2,94,21,2,875,0.107428571428571
"285","85-1-1-850424",12,0,21,2,875,0
"286","85-1-1-850430",1,382,27,2,899,0.424916573971079
"287","85-1-1-850430",2,71,27,2,899,0.0789766407119021
"288","85-1-1-850430",12,0,27,2,899,0
"289","85-1-1-850506",1,515,33,2,935,0.550802139037433
"290","85-1-1-850506",2,94,33,2,935,0.100534759358289
"291","85-1-1-850506",12,0,33,2,935,0
"292","85-1-1-850512",1,639,5,3,907,0.7045203969129
"293","85-1-1-850512",2,45,5,3,907,0.0496141124586549
"294","85-1-1-850512",12,0,5,3,907,0
"295","85-1-1-850518",1,767,11,3,946,0.810782241014799
"296","85-1-1-850518",2,12,11,3,946,0.0126849894291755
"297","85-1-1-850518",12,15,11,3,946,0.0158562367864693
"298","85-1-1-850524",1,872,17,3,941,0.926673751328374
"299","85-1-1-850524",2,455,17,3,941,0.483528161530287
"300","85-1-1-850524",12,459,17,3,941,0.487778958554729
"301","85-1-1-850530",1,672,23,3,934,0.71948608137045
"302","85-1-1-850530",2,263,23,3,934,0.281584582441114
"303","85-1-1-850530",12,173,23,3,934,0.185224839400428
"304","85-1-1-850605",1,861,29,3,970,0.887628865979381
"305","85-1-1-850605",2,286,29,3,970,0.294845360824742
"306","85-1-1-850605",12,271,29,3,970,0.279381443298969
"307","85-1-1-850611",1,700,35,3,985,0.710659898477157
"308","85-1-1-850611",2,590,35,3,985,0.598984771573604
"309","85-1-1-850611",12,434,35,3,985,0.440609137055838
"310","85-1-2-850328",1,421,-9,1,725,0.580689655172414
"311","85-1-2-850328",2,179,-9,1,725,0.246896551724138
"312","85-1-2-850328",12,180,-9,1,725,0.248275862068966
"313","85-1-2-850403",1,381,-3,1,785,0.485350318471338
"314","85-1-2-850403",2,37,-3,1,785,0.0471337579617834
"315","85-1-2-850403",12,0,-3,1,785,0
"316","85-1-2-850409",1,247,3,2,823,0.300121506682868
"317","85-1-2-850409",2,75,3,2,823,0.0911300121506683
"318","85-1-2-850409",12,0,3,2,823,0
"319","85-1-2-850415",1,319,9,2,870,0.366666666666667
"320","85-1-2-850415",2,118,9,2,870,0.135632183908046
"321","85-1-2-850415",12,54,9,2,870,0.0620689655172414
"322","85-1-2-850421",1,596,15,2,867,0.687427912341407
"323","85-1-2-850421",2,62,15,2,867,0.0715109573241061
"324","85-1-2-850421",12,0,15,2,867,0
"325","85-1-2-850427",1,598,21,2,877,0.681870011402509
"326","85-1-2-850427",2,54,21,2,877,0.0615735461801596
"327","85-1-2-850427",12,0,21,2,877,0
"328","85-1-2-850503",1,280,27,2,896,0.3125
"329","85-1-2-850503",2,236,27,2,896,0.263392857142857
"330","85-1-2-850503",12,0,27,2,896,0
"331","85-1-2-850509",1,484,0,3,940,0.514893617021277
"332","85-1-2-850509",2,11,0,3,940,0.0117021276595745
"333","85-1-2-850509",12,0,0,3,940,0
"334","85-1-2-850515",1,615,5,3,920,0.668478260869565
"335","85-1-2-850515",2,73,5,3,920,0.0793478260869565
"336","85-1-2-850515",12,52,5,3,920,0.0565217391304348
"337","85-1-2-850521",1,689,11,3,940,0.732978723404255
"338","85-1-2-850521",2,55,11,3,940,0.0585106382978723
"339","85-1-2-850521",12,54,11,3,940,0.0574468085106383
"340","85-1-2-850527",1,639,17,3,955,0.669109947643979
"341","85-1-2-850527",2,241,17,3,955,0.252356020942408
"342","85-1-2-850527",12,192,17,3,955,0.201047120418848
"343","85-1-2-850602",1,792,23,3,967,0.819027921406412
"344","85-1-2-850602",2,578,23,3,967,0.597724922440538
"345","85-1-2-850602",12,554,23,3,967,0.572905894519131
"346","85-1-2-850608",1,803,29,3,955,0.840837696335079
"347","85-1-2-850608",2,414,29,3,955,0.433507853403141
"348","85-1-2-850608",12,397,29,3,955,0.415706806282722
"349","85-1-3-850329",1,481,-15,1,788,0.610406091370558
"350","85-1-3-850329",2,67,-15,1,788,0.0850253807106599
"351","85-1-3-850329",12,52,-15,1,788,0.065989847715736
"352","85-1-3-850404",1,382,-9,1,825,0.463030303030303
"353","85-1-3-850404",2,57,-9,1,825,0.0690909090909091
"354","85-1-3-850404",12,18,-9,1,825,0.0218181818181818
"355","85-1-3-850410",1,201,-3,1,783,0.256704980842912
"356","85-1-3-850410",2,2,-3,1,783,0.00255427841634738
"357","85-1-3-850410",12,0,-3,1,783,0
"358","85-1-3-850416",1,317,3,2,860,0.368604651162791
"359","85-1-3-850416",2,194,3,2,860,0.225581395348837
"360","85-1-3-850416",12,2,3,2,860,0.00232558139534884
"361","85-1-3-850422",1,229,9,2,865,0.264739884393064
"362","85-1-3-850422",2,211,9,2,865,0.24393063583815
"363","85-1-3-850422",12,0,9,2,865,0
"364","85-1-3-850428",1,278,15,2,905,0.307182320441989
"365","85-1-3-850428",2,136,15,2,905,0.150276243093923
"366","85-1-3-850428",12,75,15,2,905,0.0828729281767956
"367","85-1-3-850504",1,213,21,2,902,0.236141906873614
"368","85-1-3-850504",2,127,21,2,902,0.14079822616408
"369","85-1-3-850504",12,0,21,2,902,0
"370","85-1-3-850510",1,173,27,2,915,0.189071038251366
"371","85-1-3-850510",2,158,27,2,915,0.172677595628415
"372","85-1-3-850510",12,0,27,2,915,0
"373","85-1-3-850516",1,239,33,2,930,0.256989247311828
"374","85-1-3-850516",2,116,33,2,930,0.124731182795699
"375","85-1-3-850516",12,0,33,2,930,0
"376","85-1-3-850522",1,675,5,3,945,0.714285714285714
"377","85-1-3-850522",2,27,5,3,945,0.0285714285714286
"378","85-1-3-850522",12,0,5,3,945,0
"379","85-1-4-850326",1,507,-3,1,760,0.667105263157895
"380","85-1-4-850326",2,34,-3,1,760,0.0447368421052632
"381","85-1-4-850326",12,8,-3,1,760,0.0105263157894737
"382","85-1-4-850401",1,688,3,2,780,0.882051282051282
"383","85-1-4-850401",2,0,3,2,780,0
"384","85-1-4-850401",12,0,3,2,780,0
"385","85-1-4-850407",1,398,9,2,792,0.502525252525252
"386","85-1-4-850407",2,18,9,2,792,0.0227272727272727
"387","85-1-4-850407",12,0,9,2,792,0
"388","85-1-4-850413",1,539,15,2,863,0.624565469293163
"389","85-1-4-850413",2,9,15,2,863,0.0104287369640788
"390","85-1-4-850413",12,0,15,2,863,0
"391","85-1-4-850419",1,379,21,2,849,0.44640753828033
"392","85-1-4-850419",2,2,21,2,849,0.00235571260306243
"393","85-1-4-850419",12,0,21,2,849,0
"394","85-1-4-850425",1,491,27,2,881,0.557321225879682
"395","85-1-4-850425",2,120,27,2,881,0.136208853575482
"396","85-1-4-850425",12,30,27,2,881,0.0340522133938706
"397","85-1-4-850501",1,371,33,2,902,0.411308203991131
"398","85-1-4-850501",2,4,33,2,902,0.00443458980044346
"399","85-1-4-850501",12,0,33,2,902,0
"400","85-1-4-850507",1,706,5,3,896,0.787946428571429
"401","85-1-4-850507",2,18,5,3,896,0.0200892857142857
"402","85-1-4-850507",12,0,5,3,896,0
"403","85-1-4-850513",1,654,11,3,932,0.701716738197425
"404","85-1-4-850513",2,0,11,3,932,0
"405","85-1-4-850513",12,0,11,3,932,0
"406","85-1-4-850519",1,647,17,3,945,0.684656084656085
"407","85-1-4-850519",2,429,17,3,945,0.453968253968254
"408","85-1-4-850519",12,284,17,3,945,0.300529100529101
"409","85-1-4-850525",1,631,23,3,963,0.655244029075805
"410","85-1-4-850525",2,361,23,3,963,0.374870197300104
"411","85-1-4-850525",12,136,23,3,963,0.14122533748702
"412","85-1-4-850531",1,894,29,3,969,0.922600619195046
"413","85-1-4-850531",2,509,29,3,969,0.525283797729618
"414","85-1-4-850531",12,455,29,3,969,0.469556243550052
"415","85-1-4-850606",1,834,35,3,975,0.855384615384615
"416","85-1-4-850606",2,271,35,3,975,0.277948717948718
"417","85-1-4-850606",12,234,35,3,975,0.24
"418","85-2-5-850325",1,407,-21,1,733,0.55525238744884
"419","85-2-5-850325",2,58,-21,1,733,0.0791268758526603
"420","85-2-5-850325",12,35,-21,1,733,0.0477489768076398
"421","85-2-5-850331",1,634,-15,1,775,0.818064516129032
"422","85-2-5-850331",2,55,-15,1,775,0.0709677419354839
"423","85-2-5-850331",12,57,-15,1,775,0.0735483870967742
"424","85-2-5-850406",1,404,-9,1,769,0.525357607282185
"425","85-2-5-850406",2,0,-9,1,769,0
"426","85-2-5-850406",12,0,-9,1,769,0
"427","85-2-5-850412",1,563,-3,1,835,0.674251497005988
"428","85-2-5-850412",2,0,-3,1,835,0
"429","85-2-5-850412",12,0,-3,1,835,0
"430","85-2-5-850418",1,352,3,2,840,0.419047619047619
"431","85-2-5-850418",2,76,3,2,840,0.0904761904761905
"432","85-2-5-850418",12,0,3,2,840,0
"433","85-2-5-850424",1,444,9,2,890,0.498876404494382
"434","85-2-5-850424",2,274,9,2,890,0.307865168539326
"435","85-2-5-850424",12,1,9,2,890,0.00112359550561798
"436","85-2-5-850430",1,363,15,2,854,0.425058548009368
"437","85-2-5-850430",2,0,15,2,854,0
"438","85-2-5-850430",12,0,15,2,854,0
"439","85-2-5-850506",1,277,21,2,910,0.304395604395604
"440","85-2-5-850506",2,319,21,2,910,0.350549450549451
"441","85-2-5-850506",12,12,21,2,910,0.0131868131868132
"442","85-2-5-850512",1,272,27,2,920,0.295652173913043
"443","85-2-5-850512",2,105,27,2,920,0.114130434782609
"444","85-2-5-850512",12,0,27,2,920,0
"445","85-2-5-850518",1,143,0,3,945,0.151322751322751
"446","85-2-5-850518",2,75,0,3,945,0.0793650793650794
"447","85-2-5-850518",12,0,0,3,945,0
"448","85-2-5-850524",1,535,5,3,945,0.566137566137566
"449","85-2-5-850524",2,60,5,3,945,0.0634920634920635
"450","85-2-5-850524",12,8,5,3,945,0.00846560846560847
"451","85-2-5-850530",1,615,11,3,950,0.647368421052632
"452","85-2-5-850530",2,280,11,3,950,0.294736842105263
"453","85-2-5-850530",12,225,11,3,950,0.236842105263158
"454","85-2-5-850605",1,661,17,3,924,0.715367965367965
"455","85-2-5-850605",2,558,17,3,924,0.603896103896104
"456","85-2-5-850605",12,499,17,3,924,0.54004329004329
"457","85-2-5-850611",1,548,23,3,990,0.553535353535354
"458","85-2-5-850611",2,541,23,3,990,0.546464646464646
"459","85-2-5-850611",12,314,23,3,990,0.317171717171717
"460","85-2-5-850617",1,506,29,3,965,0.524352331606218
"461","85-2-5-850617",2,686,29,3,965,0.710880829015544
"462","85-2-5-850617",12,458,29,3,965,0.474611398963731
"463","85-2-6-850328",1,329,-9,1,762,0.431758530183727
"464","85-2-6-850328",2,635,-9,1,762,0.833333333333333
"465","85-2-6-850328",12,227,-9,1,762,0.297900262467192
"466","85-2-6-850403",1,566,-3,1,790,0.716455696202532
"467","85-2-6-850403",2,0,-3,1,790,0
"468","85-2-6-850403",12,0,-3,1,790,0
"469","85-2-6-850409",1,420,3,2,830,0.506024096385542
"470","85-2-6-850409",2,0,3,2,830,0
"471","85-2-6-850409",12,0,3,2,830,0
"472","85-2-6-850415",1,559,9,2,842,0.663895486935867
"473","85-2-6-850415",2,21,9,2,842,0.0249406175771971
"474","85-2-6-850415",12,0,9,2,842,0
"475","85-2-6-850421",1,321,15,2,855,0.375438596491228
"476","85-2-6-850421",2,75,15,2,855,0.087719298245614
"477","85-2-6-850421",12,0,15,2,855,0
"478","85-2-6-850427",1,561,21,2,900,0.623333333333333
"479","85-2-6-850427",2,0,21,2,900,0
"480","85-2-6-850427",12,0,21,2,900,0
"481","85-2-6-850503",1,567,27,2,910,0.623076923076923
"482","85-2-6-850503",2,160,27,2,910,0.175824175824176
"483","85-2-6-850503",12,0,27,2,910,0
"484","85-2-6-850509",1,570,33,2,943,0.604453870625663
"485","85-2-6-850509",2,18,33,2,943,0.0190880169671262
"486","85-2-6-850509",12,0,33,2,943,0
"487","85-2-6-850515",1,607,5,3,915,0.663387978142077
"488","85-2-6-850515",2,9,5,3,915,0.00983606557377049
"489","85-2-6-850515",12,5,5,3,915,0.00546448087431694
"490","85-2-6-850521",1,428,11,3,964,0.443983402489627
"491","85-2-6-850521",2,83,11,3,964,0.0860995850622407
"492","85-2-6-850521",12,68,11,3,964,0.0705394190871369
"493","85-2-6-850527",1,343,17,3,957,0.358411703239289
"494","85-2-6-850527",2,205,17,3,957,0.214211076280042
"495","85-2-6-850527",12,107,17,3,957,0.111807732497388
"496","85-2-6-850602",1,808,23,3,982,0.822810590631365
"497","85-2-6-850602",2,610,23,3,982,0.621181262729124
"498","85-2-6-850602",12,514,23,3,982,0.523421588594705
"499","85-2-6-850608",1,810,29,3,972,0.833333333333333
"500","85-2-6-850608",2,786,29,3,972,0.808641975308642
"501","85-2-6-850608",12,674,29,3,972,0.693415637860082
"502","85-2-6-850614",1,444,35,3,990,0.448484848484848
"503","85-2-6-850614",2,730,35,3,990,0.737373737373737
"504","85-2-6-850614",12,408,35,3,990,0.412121212121212
"505","85-2-7-850326",1,391,-3,1,755,0.517880794701987
"506","85-2-7-850326",2,0,-3,1,755,0
"507","85-2-7-850326",12,0,-3,1,755,0
"508","85-2-7-850401",1,195,3,2,777,0.250965250965251
"509","85-2-7-850401",2,19,3,2,777,0.0244530244530245
"510","85-2-7-850401",12,0,3,2,777,0
"511","85-2-7-850407",1,257,9,2,820,0.313414634146341
"512","85-2-7-850407",2,281,9,2,820,0.342682926829268
"513","85-2-7-850407",12,26,9,2,820,0.0317073170731707
"514","85-2-7-850413",1,489,15,2,814,0.600737100737101
"515","85-2-7-850413",2,203,15,2,814,0.249385749385749
"516","85-2-7-850413",12,1,15,2,814,0.00122850122850123
"517","85-2-7-850419",1,187,21,2,857,0.218203033838973
"518","85-2-7-850419",2,53,21,2,857,0.0618436406067678
"519","85-2-7-850419",12,0,21,2,857,0
"520","85-2-7-850425",1,86,27,2,874,0.0983981693363844
"521","85-2-7-850425",2,132,27,2,874,0.151029748283753
"522","85-2-7-850425",12,0,27,2,874,0
"523","85-2-7-850501",1,219,33,2,905,0.241988950276243
"524","85-2-7-850501",2,83,33,2,905,0.0917127071823204
"525","85-2-7-850501",12,0,33,2,905,0
"526","85-2-7-850507",1,497,5,3,911,0.545554335894621
"527","85-2-7-850507",2,109,5,3,911,0.119648737650933
"528","85-2-7-850507",12,25,5,3,911,0.0274423710208562
"529","85-2-7-850513",1,465,11,3,918,0.506535947712418
"530","85-2-7-850513",2,226,11,3,918,0.246187363834423
"531","85-2-7-850513",12,17,11,3,918,0.0185185185185185
"532","85-2-7-850519",1,479,17,3,935,0.512299465240642
"533","85-2-7-850519",2,597,17,3,935,0.638502673796791
"534","85-2-7-850519",12,277,17,3,935,0.296256684491979
"535","85-2-7-850525",1,601,23,3,955,0.629319371727749
"536","85-2-7-850525",2,503,23,3,955,0.526701570680628
"537","85-2-7-850525",12,337,23,3,955,0.352879581151832
"538","85-2-7-850531",1,711,29,3,962,0.739085239085239
"539","85-2-7-850531",2,329,29,3,962,0.341995841995842
"540","85-2-7-850531",12,256,29,3,962,0.266112266112266
"541","85-2-7-850606",1,789,35,3,975,0.809230769230769
"542","85-2-7-850606",2,719,35,3,975,0.737435897435897
"543","85-2-7-850606",12,667,35,3,975,0.684102564102564
"544","85-2-8-850329",1,509,-9,1,739,0.688768606224628
"545","85-2-8-850329",2,50,-9,1,739,0.06765899864682
"546","85-2-8-850329",12,52,-9,1,739,0.0703653585926928
"547","85-2-8-850404",1,339,-3,1,813,0.416974169741697
"548","85-2-8-850404",2,0,-3,1,813,0
"549","85-2-8-850404",12,0,-3,1,813,0
"550","85-2-8-850410",1,398,3,2,810,0.491358024691358
"551","85-2-8-850410",2,1,3,2,810,0.00123456790123457
"552","85-2-8-850410",12,1,3,2,810,0.00123456790123457
"553","85-2-8-850416",1,399,9,2,860,0.463953488372093
"554","85-2-8-850416",2,37,9,2,860,0.0430232558139535
"555","85-2-8-850416",12,0,9,2,860,0
"556","85-2-8-850422",1,342,15,2,885,0.386440677966102
"557","85-2-8-850422",2,17,15,2,885,0.0192090395480226
"558","85-2-8-850422",12,0,15,2,885,0
"559","85-2-8-850428",1,382,21,2,900,0.424444444444444
"560","85-2-8-850428",2,230,21,2,900,0.255555555555556
"561","85-2-8-850428",12,0,21,2,900,0
"562","85-2-8-850504",1,467,27,2,910,0.513186813186813
"563","85-2-8-850504",2,201,27,2,910,0.220879120879121
"564","85-2-8-850504",12,0,27,2,910,0
"565","85-2-8-850510",1,440,0,3,917,0.479825517993457
"566","85-2-8-850510",2,3,0,3,917,0.00327153762268266
"567","85-2-8-850510",12,0,0,3,917,0
"568","85-2-8-850516",1,678,5,3,902,0.751662971175166
"569","85-2-8-850516",2,43,5,3,902,0.0476718403547672
"570","85-2-8-850516",12,44,5,3,902,0.0487804878048781
"571","85-2-8-850522",1,617,11,3,963,0.640706126687435
"572","85-2-8-850522",2,165,11,3,963,0.171339563862928
"573","85-2-8-850522",12,88,11,3,963,0.0913811007268951
"574","85-2-8-850528",1,608,17,3,967,0.628748707342296
"575","85-2-8-850528",2,398,17,3,967,0.41158221302999
"576","85-2-8-850528",12,232,17,3,967,0.239917269906929
"577","85-2-8-850603",1,674,23,3,955,0.705759162303665
"578","85-2-8-850603",2,541,23,3,955,0.566492146596859
"579","85-2-8-850603",12,434,23,3,955,0.454450261780105
"580","85-2-8-850609",1,671,29,3,971,0.691040164778579
"581","85-2-8-850609",2,547,29,3,971,0.563336766220391
"582","85-2-8-850609",12,384,29,3,971,0.395468589083419
"583","85-2-8-850615",1,734,35,3,965,0.760621761658031
"584","85-2-8-850615",2,463,35,3,965,0.47979274611399
"585","85-2-8-850615",12,347,35,3,965,0.359585492227979
"586","85-3-9-850329",1,422,-15,1,760,0.555263157894737
"587","85-3-9-850329",2,0,-15,1,760,0
"588","85-3-9-850329",12,0,-15,1,760,0
"589","85-3-9-850404",1,524,-9,1,821,0.638246041412911
"590","85-3-9-850404",2,9,-9,1,821,0.0109622411693057
"591","85-3-9-850404",12,11,-9,1,821,0.0133982947624848
"592","85-3-9-850410",1,333,-3,1,830,0.401204819277108
"593","85-3-9-850410",2,13,-3,1,830,0.0156626506024096
"594","85-3-9-850410",12,0,-3,1,830,0
"595","85-3-9-850416",1,244,3,2,855,0.285380116959064
"596","85-3-9-850416",2,181,3,2,855,0.211695906432749
"597","85-3-9-850416",12,0,3,2,855,0
"598","85-3-9-850422",1,306,9,2,870,0.351724137931034
"599","85-3-9-850422",2,391,9,2,870,0.449425287356322
"600","85-3-9-850422",12,18,9,2,870,0.0206896551724138
"601","85-3-9-850428",1,444,15,2,901,0.492785793562708
"602","85-3-9-850428",2,431,15,2,901,0.478357380688124
"603","85-3-9-850428",12,0,15,2,901,0
"604","85-3-9-850504",1,40,21,2,915,0.0437158469945355
"605","85-3-9-850504",2,463,21,2,915,0.506010928961749
"606","85-3-9-850504",12,0,21,2,915,0
"607","85-3-9-850510",1,258,27,2,911,0.283205268935236
"608","85-3-9-850510",2,323,27,2,911,0.354555433589462
"609","85-3-9-850510",12,0,27,2,911,0
"610","85-3-9-850516",1,453,0,3,935,0.484491978609626
"611","85-3-9-850516",2,34,0,3,935,0.0363636363636364
"612","85-3-9-850516",12,3,0,3,935,0.00320855614973262
"613","85-3-9-850522",1,474,5,3,935,0.506951871657754
"614","85-3-9-850522",2,28,5,3,935,0.0299465240641711
"615","85-3-9-850522",12,30,5,3,935,0.0320855614973262
"616","85-3-9-850528",1,675,11,3,955,0.706806282722513
"617","85-3-9-850528",2,154,11,3,955,0.161256544502618
"618","85-3-9-850528",12,149,11,3,955,0.156020942408377
"619","85-3-9-850603",1,941,17,3,970,0.970103092783505
"620","85-3-9-850603",2,632,17,3,970,0.651546391752577
"621","85-3-9-850603",12,638,17,3,970,0.657731958762887
"622","85-3-9-850609",1,584,23,3,960,0.608333333333333
"623","85-3-9-850609",2,863,23,3,960,0.898958333333333
"624","85-3-9-850609",12,552,23,3,960,0.575
"625","85-3-9-850615",1,814,29,3,980,0.830612244897959
"626","85-3-9-850615",2,573,29,3,980,0.58469387755102
"627","85-3-9-850615",12,478,29,3,980,0.487755102040816
"628","85-3-10-850325",1,140,-9,1,730,0.191780821917808
"629","85-3-10-850325",2,75,-9,1,730,0.102739726027397
"630","85-3-10-850325",12,8,-9,1,730,0.010958904109589
"631","85-3-10-850331",1,501,-3,1,790,0.634177215189873
"632","85-3-10-850331",2,152,-3,1,790,0.192405063291139
"633","85-3-10-850331",12,104,-3,1,790,0.131645569620253
"634","85-3-10-850406",1,285,3,2,798,0.357142857142857
"635","85-3-10-850406",2,52,3,2,798,0.0651629072681704
"636","85-3-10-850406",12,0,3,2,798,0
"637","85-3-10-850412",1,130,9,2,816,0.159313725490196
"638","85-3-10-850412",2,34,9,2,816,0.0416666666666667
"639","85-3-10-850412",12,13,9,2,816,0.0159313725490196
"640","85-3-10-850418",1,445,15,2,850,0.523529411764706
"641","85-3-10-850418",2,46,15,2,850,0.0541176470588235
"642","85-3-10-850418",12,0,15,2,850,0
"643","85-3-10-850424",1,261,21,2,895,0.291620111731844
"644","85-3-10-850424",2,4,21,2,895,0.00446927374301676
"645","85-3-10-850424",12,0,21,2,895,0
"646","85-3-10-850430",1,378,27,2,880,0.429545454545455
"647","85-3-10-850430",2,84,27,2,880,0.0954545454545455
"648","85-3-10-850430",12,0,27,2,880,0
"649","85-3-10-850506",1,388,0,3,903,0.429678848283499
"650","85-3-10-850506",2,80,0,3,903,0.08859357696567
"651","85-3-10-850506",12,4,0,3,903,0.0044296788482835
"652","85-3-10-850512",1,422,5,3,915,0.46120218579235
"653","85-3-10-850512",2,3,5,3,915,0.00327868852459016
"654","85-3-10-850512",12,0,5,3,915,0
"655","85-3-10-850518",1,756,11,3,925,0.817297297297297
"656","85-3-10-850518",2,178,11,3,925,0.192432432432432
"657","85-3-10-850518",12,187,11,3,925,0.202162162162162
"658","85-3-10-850524",1,870,17,3,955,0.910994764397906
"659","85-3-10-850524",2,313,17,3,955,0.327748691099476
"660","85-3-10-850524",12,331,17,3,955,0.346596858638743
"661","85-3-10-850530",1,719,23,3,945,0.760846560846561
"662","85-3-10-850530",2,579,23,3,945,0.612698412698413
"663","85-3-10-850530",12,376,23,3,945,0.397883597883598
"664","85-3-10-850605",1,645,29,3,965,0.66839378238342
"665","85-3-10-850605",2,636,29,3,965,0.659067357512953
"666","85-3-10-850605",12,527,29,3,965,0.546113989637306
"667","85-3-10-850611",1,702,35,3,951,0.738170347003155
"668","85-3-10-850611",2,471,35,3,951,0.495268138801262
"669","85-3-10-850611",12,349,35,3,951,0.366982124079916
"670","85-3-11-850326",1,229,-15,1,615,0.372357723577236
"671","85-3-11-850326",2,141,-15,1,615,0.229268292682927
"672","85-3-11-850326",12,68,-15,1,615,0.110569105691057
"673","85-3-11-850401",1,373,-9,1,780,0.478205128205128
"674","85-3-11-850401",2,92,-9,1,780,0.117948717948718
"675","85-3-11-850401",12,10,-9,1,780,0.0128205128205128
"676","85-3-11-850407",1,401,-3,1,820,0.489024390243902
"677","85-3-11-850407",2,12,-3,1,820,0.0146341463414634
"678","85-3-11-850407",12,13,-3,1,820,0.0158536585365854
"679","85-3-11-850413",1,342,3,2,830,0.412048192771084
"680","85-3-11-850413",2,142,3,2,830,0.171084337349398
"681","85-3-11-850413",12,0,3,2,830,0
"682","85-3-11-850419",1,242,9,2,860,0.281395348837209
"683","85-3-11-850419",2,19,9,2,860,0.022093023255814
"684","85-3-11-850419",12,0,9,2,860,0
"685","85-3-11-850425",1,331,15,2,901,0.367369589345172
"686","85-3-11-850425",2,62,15,2,901,0.0688124306326304
"687","85-3-11-850425",12,0,15,2,901,0
"688","85-3-11-850501",1,503,21,2,897,0.560758082497213
"689","85-3-11-850501",2,100,21,2,897,0.111482720178372
"690","85-3-11-850501",12,0,21,2,897,0
"691","85-3-11-850507",1,270,27,2,920,0.293478260869565
"692","85-3-11-850507",2,199,27,2,920,0.216304347826087
"693","85-3-11-850507",12,0,27,2,920,0
"694","85-3-11-850513",1,332,0,3,940,0.353191489361702
"695","85-3-11-850513",2,180,0,3,940,0.191489361702128
"696","85-3-11-850513",12,5,0,3,940,0.00531914893617021
"697","85-3-11-850519",1,564,5,3,916,0.615720524017467
"698","85-3-11-850519",2,18,5,3,916,0.0196506550218341
"699","85-3-11-850519",12,5,5,3,916,0.00545851528384279
"700","85-3-11-850525",1,647,11,3,962,0.672557172557173
"701","85-3-11-850525",2,21,11,3,962,0.0218295218295218
"702","85-3-11-850525",12,10,11,3,962,0.0103950103950104
"703","85-3-11-850531",1,850,17,3,948,0.89662447257384
"704","85-3-11-850531",2,596,17,3,948,0.628691983122363
"705","85-3-11-850531",12,534,17,3,948,0.563291139240506
"706","85-3-11-850606",1,852,23,3,949,0.897787144362487
"707","85-3-11-850606",2,335,23,3,949,0.353003161222339
"708","85-3-11-850606",12,296,23,3,949,0.31190727081138
"709","85-3-11-850612",1,667,29,3,990,0.673737373737374
"710","85-3-11-850612",2,256,29,3,990,0.258585858585859
"711","85-3-11-850612",12,144,29,3,990,0.145454545454545
"712","85-3-11-850618",1,663,35,3,945,0.701587301587302
"713","85-3-11-850618",2,229,35,3,945,0.242328042328042
"714","85-3-11-850618",12,140,35,3,945,0.148148148148148
"715","85-3-12-850403",1,499,-3,1,767,0.650586701434159
"716","85-3-12-850403",2,138,-3,1,767,0.179921773142112
"717","85-3-12-850403",12,113,-3,1,767,0.147327249022164
"718","85-3-12-850409",1,407,3,2,830,0.490361445783133
"719","85-3-12-850409",2,300,3,2,830,0.36144578313253
"720","85-3-12-850409",12,15,3,2,830,0.0180722891566265
"721","85-3-12-850415",1,561,9,2,825,0.68
"722","85-3-12-850415",2,183,9,2,825,0.221818181818182
"723","85-3-12-850415",12,0,9,2,825,0
"724","85-3-12-850421",1,330,15,2,845,0.390532544378698
"725","85-3-12-850421",2,344,15,2,845,0.407100591715976
"726","85-3-12-850421",12,0,15,2,845,0
"727","85-3-12-850427",1,98,21,2,895,0.109497206703911
"728","85-3-12-850427",2,434,21,2,895,0.484916201117318
"729","85-3-12-850427",12,0,21,2,895,0
"730","85-3-12-850503",1,448,27,2,880,0.509090909090909
"731","85-3-12-850503",2,369,27,2,880,0.419318181818182
"732","85-3-12-850503",12,47,27,2,880,0.0534090909090909
"733","85-3-12-850509",1,402,0,3,915,0.439344262295082
"734","85-3-12-850509",2,168,0,3,915,0.183606557377049
"735","85-3-12-850509",12,45,0,3,915,0.0491803278688525
"736","85-3-12-850515",1,757,5,3,905,0.83646408839779
"737","85-3-12-850515",2,200,5,3,905,0.220994475138122
"738","85-3-12-850515",12,206,5,3,905,0.227624309392265
"739","85-3-12-850521",1,641,11,3,945,0.678306878306878
"740","85-3-12-850521",2,676,11,3,945,0.715343915343915
"741","85-3-12-850521",12,508,11,3,945,0.537566137566138
"742","85-3-12-850527",1,854,17,3,933,0.915326902465166
"743","85-3-12-850527",2,485,17,3,933,0.519828510182208
"744","85-3-12-850527",12,464,17,3,933,0.497320471596999
"745","85-3-12-850602",1,853,23,3,950,0.897894736842105
"746","85-3-12-850602",2,721,23,3,950,0.758947368421053
"747","85-3-12-850602",12,689,23,3,950,0.725263157894737
"748","85-3-12-850608",1,578,29,3,980,0.589795918367347
"749","85-3-12-850608",2,706,29,3,980,0.720408163265306
"750","85-3-12-850608",12,474,29,3,980,0.483673469387755
"751","85-3-12-850614",1,623,35,3,980,0.635714285714286
"752","85-3-12-850614",2,732,35,3,980,0.746938775510204
"753","85-3-12-850614",12,491,35,3,980,0.501020408163265
"754","85-4-13-850415",1,430,9,2,751,0.572569906790945
"755","85-4-13-850415",2,171,9,2,751,0.227696404793609
"756","85-4-13-850415",12,80,9,2,751,0.106524633821571
"757","85-4-13-850421",1,214,15,2,583,0.367066895368782
"758","85-4-13-850421",2,240,15,2,583,0.411663807890223
"759","85-4-13-850421",12,0,15,2,583,0
"760","85-4-13-850427",1,351,21,2,852,0.411971830985915
"761","85-4-13-850427",2,177,21,2,852,0.207746478873239
"762","85-4-13-850427",12,2,21,2,852,0.00234741784037559
"763","85-4-13-850503",1,583,27,2,905,0.644198895027624
"764","85-4-13-850503",2,174,27,2,905,0.192265193370166
"765","85-4-13-850503",12,4,27,2,905,0.00441988950276243
"766","85-4-13-850509",1,398,33,2,925,0.43027027027027
"767","85-4-13-850509",2,304,33,2,925,0.328648648648649
"768","85-4-13-850509",12,1,33,2,925,0.00108108108108108
"769","85-4-13-850515",1,641,5,3,942,0.680467091295117
"770","85-4-13-850515",2,4,5,3,942,0.00424628450106157
"771","85-4-13-850515",12,2,5,3,942,0.00212314225053079
"772","85-4-13-850521",1,794,11,3,926,0.857451403887689
"773","85-4-13-850521",2,101,11,3,926,0.109071274298056
"774","85-4-13-850521",12,108,11,3,926,0.116630669546436
"775","85-4-13-850527",1,814,17,3,950,0.856842105263158
"776","85-4-13-850527",2,239,17,3,950,0.251578947368421
"777","85-4-13-850527",12,229,17,3,950,0.241052631578947
"778","85-4-13-850602",1,837,23,3,975,0.858461538461538
"779","85-4-13-850602",2,449,23,3,975,0.46051282051282
"780","85-4-13-850602",12,366,23,3,975,0.375384615384615
"781","85-4-13-850608",1,906,29,3,1016,0.891732283464567
"782","85-4-13-850608",2,772,29,3,1016,0.759842519685039
"783","85-4-13-850608",12,765,29,3,1016,0.752952755905512
"784","85-4-13-850614",1,776,35,3,1022,0.759295499021526
"785","85-4-13-850614",2,723,35,3,1022,0.707436399217221
"786","85-4-13-850614",12,533,35,3,1022,0.521526418786693
"787","85-4-14-850416",1,488,3,2,727,0.671251719394773
"788","85-4-14-850416",2,4,3,2,727,0.00550206327372765
"789","85-4-14-850416",12,5,3,2,727,0.00687757909215956
"790","85-4-14-850422",1,130,9,2,656,0.198170731707317
"791","85-4-14-850422",2,449,9,2,656,0.684451219512195
"792","85-4-14-850422",12,0,9,2,656,0
"793","85-4-14-850428",1,220,15,2,954,0.230607966457023
"794","85-4-14-850428",2,286,15,2,954,0.29979035639413
"795","85-4-14-850428",12,0,15,2,954,0
"796","85-4-14-850504",1,203,21,2,916,0.221615720524017
"797","85-4-14-850504",2,199,21,2,916,0.217248908296943
"798","85-4-14-850504",12,0,21,2,916,0
"799","85-4-14-850510",1,466,27,2,905,0.514917127071823
"800","85-4-14-850510",2,349,27,2,905,0.385635359116022
"801","85-4-14-850510",12,7,27,2,905,0.00773480662983425
"802","85-4-14-850516",1,455,33,2,946,0.480972515856237
"803","85-4-14-850516",2,17,33,2,946,0.0179704016913319
"804","85-4-14-850516",12,0,33,2,946,0
"805","85-4-14-850522",1,683,5,3,922,0.740780911062907
"806","85-4-14-850522",2,30,5,3,922,0.0325379609544469
"807","85-4-14-850522",12,0,5,3,922,0
"808","85-4-14-850528",1,746,11,3,920,0.810869565217391
"809","85-4-14-850528",2,413,11,3,920,0.448913043478261
"810","85-4-14-850528",12,341,11,3,920,0.370652173913044
"811","85-4-14-850603",1,663,17,3,978,0.677914110429448
"812","85-4-14-850603",2,347,17,3,978,0.35480572597137
"813","85-4-14-850603",12,333,17,3,978,0.340490797546012
"814","85-4-14-850609",1,641,23,3,905,0.70828729281768
"815","85-4-14-850609",2,665,23,3,905,0.734806629834254
"816","85-4-14-850609",12,441,23,3,905,0.487292817679558
"817","85-4-14-850615",1,815,29,3,995,0.819095477386935
"818","85-4-14-850615",2,402,29,3,995,0.404020100502513
"819","85-4-14-850615",12,345,29,3,995,0.346733668341709
"820","85-4-14-850621",1,686,35,3,978,0.701431492842536
"821","85-4-14-850621",2,62,35,3,978,0.0633946830265849
"822","85-4-14-850621",12,30,35,3,978,0.0306748466257669
"823","85-4-15-850507",1,173,15,2,935,0.185026737967914
"824","85-4-15-850507",2,49,15,2,935,0.0524064171122995
"825","85-4-15-850507",12,0,15,2,935,0
"826","85-4-15-850513",1,203,21,2,894,0.227069351230425
"827","85-4-15-850513",2,206,21,2,894,0.230425055928412
"828","85-4-15-850513",12,4,21,2,894,0.00447427293064877
"829","85-4-15-850519",1,339,27,2,799,0.424280350438048
"830","85-4-15-850519",2,194,27,2,799,0.242803504380476
"831","85-4-15-850519",12,0,27,2,799,0
"832","85-4-15-850525",1,430,33,2,932,0.46137339055794
"833","85-4-15-850525",2,110,33,2,932,0.118025751072961
"834","85-4-15-850525",12,2,33,2,932,0.00214592274678112
"835","85-4-15-850531",1,599,5,3,947,0.632523759239704
"836","85-4-15-850531",2,167,5,3,947,0.176346356916579
"837","85-4-15-850531",12,12,5,3,947,0.0126715945089757
"838","85-4-15-850606",1,943,11,3,982,0.960285132382892
"839","85-4-15-850606",2,305,11,3,982,0.310590631364562
"840","85-4-15-850606",12,292,11,3,982,0.297352342158859
"841","85-4-15-850612",1,861,17,3,987,0.872340425531915
"842","85-4-15-850612",2,322,17,3,987,0.326241134751773
"843","85-4-15-850612",12,325,17,3,987,0.329280648429585
"844","85-4-15-850618",1,822,23,3,994,0.826961770623742
"845","85-4-15-850618",2,476,23,3,994,0.47887323943662
"846","85-4-15-850618",12,326,23,3,994,0.327967806841046
"847","85-4-15-850624",1,781,29,3,1024,0.7626953125
"848","85-4-15-850624",2,525,29,3,1024,0.5126953125
"849","85-4-15-850624",12,381,29,3,1024,0.3720703125
"850","85-4-15-850630",1,451,35,3,991,0.455095862764884
"851","85-4-15-850630",2,585,35,3,991,0.590312815338042
"852","85-4-15-850630",12,170,35,3,991,0.171543895055499
"853","85-4-16-850418",1,176,3,2,801,0.219725343320849
"854","85-4-16-850418",2,307,3,2,801,0.383270911360799
"855","85-4-16-850418",12,0,3,2,801,0
"856","85-4-16-850424",1,563,9,2,822,0.684914841849148
"857","85-4-16-850424",2,0,9,2,822,0
"858","85-4-16-850424",12,0,9,2,822,0
"859","85-4-16-850430",1,328,15,2,910,0.36043956043956
"860","85-4-16-850430",2,100,15,2,910,0.10989010989011
"861","85-4-16-850430",12,0,15,2,910,0
"862","85-4-16-850506",1,6,21,2,919,0.00652883569096844
"863","85-4-16-850506",2,257,21,2,919,0.279651795429815
"864","85-4-16-850506",12,5,21,2,919,0.00544069640914037
"865","85-4-16-850512",1,644,27,2,925,0.696216216216216
"866","85-4-16-850512",2,222,27,2,925,0.24
"867","85-4-16-850512",12,0,27,2,925,0
"868","85-4-16-850518",1,358,33,2,929,0.385360602798708
"869","85-4-16-850518",2,122,33,2,929,0.131324004305705
"870","85-4-16-850518",12,0,33,2,929,0
"871","85-4-16-850524",1,761,5,3,908,0.838105726872247
"872","85-4-16-850524",2,0,5,3,908,0
"873","85-4-16-850524",12,0,5,3,908,0
"874","85-4-16-850530",1,936,11,3,970,0.964948453608247
"875","85-4-16-850530",2,267,11,3,970,0.275257731958763
"876","85-4-16-850530",12,275,11,3,970,0.283505154639175
"877","85-4-16-850605",1,820,17,3,970,0.845360824742268
"878","85-4-16-850605",2,264,17,3,970,0.272164948453608
"879","85-4-16-850605",12,181,17,3,970,0.18659793814433
"880","85-4-16-850611",1,862,23,3,999,0.862862862862863
"881","85-4-16-850611",2,518,23,3,999,0.518518518518518
"882","85-4-16-850611",12,499,23,3,999,0.4994994994995
"883","85-4-16-850617",1,839,29,3,999,0.83983983983984
"884","85-4-16-850617",2,320,29,3,999,0.32032032032032
"885","85-4-16-850617",12,284,29,3,999,0.284284284284284
"886","85-4-16-850623",1,838,35,3,1011,0.828882294757666
"887","85-4-16-850623",2,738,35,3,1011,0.729970326409496
"888","85-4-16-850623",12,583,35,3,1011,0.576656775469832
"889","86-1-1-860326",1,446,-51,1,782,0.570332480818414
"890","86-1-1-860326",2,283,-51,1,782,0.361892583120205
"891","86-1-1-860326",12,206,-51,1,782,0.263427109974425
"892","86-1-1-860401",1,684,-45,1,724,0.94475138121547
"893","86-1-1-860401",2,280,-45,1,724,0.386740331491713
"894","86-1-1-860401",12,283,-45,1,724,0.390883977900552
"895","86-1-1-860407",1,733,-39,1,814,0.900491400491401
"896","86-1-1-860407",2,215,-39,1,814,0.264127764127764
"897","86-1-1-860407",12,200,-39,1,814,0.245700245700246
"898","86-1-1-860414",1,664,-33,1,840,0.79047619047619
"899","86-1-1-860414",2,182,-33,1,840,0.216666666666667
"900","86-1-1-860414",12,182,-33,1,840,0.216666666666667
"901","86-1-1-860418",1,732,-27,1,876,0.835616438356164
"902","86-1-1-860418",2,270,-27,1,876,0.308219178082192
"903","86-1-1-860418",12,257,-27,1,876,0.29337899543379
"904","86-1-1-860425",1,492,-21,1,885,0.555932203389831
"905","86-1-1-860425",2,11,-21,1,885,0.0124293785310734
"906","86-1-1-860425",12,0,-21,1,885,0
"907","86-1-1-860501",1,237,-15,1,886,0.267494356659142
"908","86-1-1-860501",2,162,-15,1,886,0.182844243792325
"909","86-1-1-860501",12,28,-15,1,886,0.0316027088036117
"910","86-1-1-860507",1,387,-9,1,909,0.425742574257426
"911","86-1-1-860507",2,43,-9,1,909,0.0473047304730473
"912","86-1-1-860507",12,24,-9,1,909,0.0264026402640264
"913","86-1-1-860513",1,382,-3,1,927,0.412081984897519
"914","86-1-1-860513",2,311,-3,1,927,0.335490830636462
"915","86-1-1-860513",12,104,-3,1,927,0.112189859762675
"916","86-1-1-860519",1,293,3,2,943,0.310710498409332
"917","86-1-1-860519",2,61,3,2,943,0.0646871686108165
"918","86-1-1-860519",12,3,3,2,943,0.0031813361611877
"919","86-1-1-860527",1,483,9,2,964,0.50103734439834
"920","86-1-1-860527",2,150,9,2,964,0.155601659751037
"921","86-1-1-860527",12,0,9,2,964,0
"922","86-1-1-860602",1,270,15,2,961,0.280957336108221
"923","86-1-1-860602",2,85,15,2,961,0.0884495317377731
"924","86-1-1-860602",12,0,15,2,961,0
"925","86-1-1-860609",1,358,27,2,956,0.374476987447699
"926","86-1-1-860609",2,180,27,2,956,0.188284518828452
"927","86-1-1-860609",12,0,27,2,956,0
"928","86-1-1-860616",1,754,33,2,985,0.765482233502538
"929","86-1-1-860616",2,0,33,2,985,0
"930","86-1-1-860616",12,0,33,2,985,0
"931","86-1-1-860623",1,635,5,3,978,0.649284253578732
"932","86-1-1-860623",2,73,5,3,978,0.074642126789366
"933","86-1-1-860623",12,0,5,3,978,0
"934","86-1-1-860630",1,789,11,3,970,0.81340206185567
"935","86-1-1-860630",2,9,11,3,970,0.00927835051546392
"936","86-1-1-860630",12,10,11,3,970,0.0103092783505155
"937","86-1-1-860707",1,581,17,3,964,0.602697095435685
"938","86-1-1-860707",2,0,17,3,964,0
"939","86-1-1-860707",12,0,17,3,964,0
"940","86-1-2-860327",1,411,3,2,794,0.517632241813602
"941","86-1-2-860327",2,52,3,2,794,0.0654911838790932
"942","86-1-2-860327",12,0,3,2,794,0
"943","86-1-2-860402",1,588,9,2,815,0.721472392638037
"944","86-1-2-860402",2,166,9,2,815,0.203680981595092
"945","86-1-2-860402",12,24,9,2,815,0.0294478527607362
"946","86-1-2-860408",1,635,15,2,837,0.758661887694146
"947","86-1-2-860408",2,157,15,2,837,0.187574671445639
"948","86-1-2-860408",12,0,15,2,837,0
"949","86-1-2-860414",1,496,21,2,822,0.603406326034063
"950","86-1-2-860414",2,205,21,2,822,0.249391727493917
"951","86-1-2-860414",12,0,21,2,822,0
"952","86-1-2-860422",1,243,27,2,868,0.279953917050691
"953","86-1-2-860422",2,213,27,2,868,0.245391705069124
"954","86-1-2-860422",12,0,27,2,868,0
"955","86-1-2-860425",1,308,30,2,893,0.344904815229563
"956","86-1-2-860425",2,358,30,2,893,0.400895856662934
"957","86-1-2-860425",12,2,30,2,893,0.00223964165733483
"958","86-1-2-860428",1,694,33,2,876,0.792237442922374
"959","86-1-2-860428",2,118,33,2,876,0.134703196347032
"960","86-1-2-860428",12,0,33,2,876,0
"961","86-1-2-860502",1,538,0,3,908,0.592511013215859
"962","86-1-2-860502",2,0,0,3,908,0
"963","86-1-2-860502",12,0,0,3,908,0
"964","86-1-2-860508",1,396,5,3,910,0.435164835164835
"965","86-1-2-860508",2,157,5,3,910,0.172527472527473
"966","86-1-2-860508",12,51,5,3,910,0.056043956043956
"967","86-1-2-860514",1,737,11,3,940,0.784042553191489
"968","86-1-2-860514",2,11,11,3,940,0.0117021276595745
"969","86-1-2-860514",12,6,11,3,940,0.00638297872340425
"970","86-1-2-860520",1,834,23,3,927,0.899676375404531
"971","86-1-2-860520",2,549,23,3,927,0.592233009708738
"972","86-1-2-860520",12,501,23,3,927,0.540453074433657
"973","86-1-2-860527",1,891,29,3,955,0.932984293193717
"974","86-1-2-860527",2,582,29,3,955,0.609424083769634
"975","86-1-2-860527",12,545,29,3,955,0.570680628272251
"976","86-1-3-860328",1,679,-9,1,787,0.86277001270648
"977","86-1-3-860328",2,31,-9,1,787,0.0393900889453621
"978","86-1-3-860328",12,36,-9,1,787,0.0457433290978399
"979","86-1-3-860403",1,637,-3,1,831,0.766546329723225
"980","86-1-3-860403",2,0,-3,1,831,0
"981","86-1-3-860403",12,0,-3,1,831,0
"982","86-1-3-860407",1,825,1,2,843,0.97864768683274
"983","86-1-3-860407",2,0,1,2,843,0
"984","86-1-3-860407",12,0,1,2,843,0
"985","86-1-3-860409",1,475,3,2,835,0.568862275449102
"986","86-1-3-860409",2,21,3,2,835,0.0251497005988024
"987","86-1-3-860409",12,2,3,2,835,0.00239520958083832
"988","86-1-3-860415",1,782,9,2,856,0.913551401869159
"989","86-1-3-860415",2,14,9,2,856,0.0163551401869159
"990","86-1-3-860415",12,11,9,2,856,0.0128504672897196
"991","86-1-3-860418",1,635,12,2,864,0.734953703703704
"992","86-1-3-860418",2,96,12,2,864,0.111111111111111
"993","86-1-3-860418",12,11,12,2,864,0.0127314814814815
"994","86-1-3-860421",1,694,15,2,878,0.790432801822323
"995","86-1-3-860421",2,75,15,2,878,0.0854214123006834
"996","86-1-3-860421",12,0,15,2,878,0
"997","86-1-3-860428",1,263,24,2,891,0.295173961840628
"998","86-1-3-860428",2,514,24,2,891,0.576879910213244
"999","86-1-3-860428",12,0,24,2,891,0
"1000","86-1-3-860501",1,354,27,2,885,0.4
"1001","86-1-3-860501",2,438,27,2,885,0.494915254237288
"1002","86-1-3-860501",12,15,27,2,885,0.0169491525423729
"1003","86-1-3-860507",1,463,33,2,917,0.504907306434024
"1004","86-1-3-860507",2,263,33,2,917,0.28680479825518
"1005","86-1-3-860507",12,0,33,2,917,0
"1006","86-1-3-860513",1,625,5,3,928,0.673491379310345
"1007","86-1-3-860513",2,126,5,3,928,0.135775862068966
"1008","86-1-3-860513",12,11,5,3,928,0.0118534482758621
"1009","86-1-3-860519",1,879,11,3,952,0.923319327731092
"1010","86-1-3-860519",2,124,11,3,952,0.130252100840336
"1011","86-1-3-860519",12,129,11,3,952,0.135504201680672
"1012","86-1-3-860527",1,759,17,3,969,0.78328173374613
"1013","86-1-3-860527",2,276,17,3,969,0.284829721362229
"1014","86-1-3-860527",12,258,17,3,969,0.26625386996904
"1015","86-1-3-860602",1,860,23,3,981,0.876656472986748
"1016","86-1-3-860602",2,416,23,3,981,0.424057084607543
"1017","86-1-3-860602",12,406,23,3,981,0.413863404689093
"1018","86-2-4-860329",1,385,-27,1,811,0.474722564734895
"1019","86-2-4-860329",2,141,-27,1,811,0.173859432799014
"1020","86-2-4-860329",12,122,-27,1,811,0.150431565967941
"1021","86-2-4-860405",1,673,-21,1,843,0.798339264531435
"1022","86-2-4-860405",2,427,-21,1,843,0.506524317912218
"1023","86-2-4-860405",12,417,-21,1,843,0.494661921708185
"1024","86-2-4-860412",1,673,-15,1,865,0.778034682080925
"1025","86-2-4-860412",2,327,-15,1,865,0.378034682080925
"1026","86-2-4-860412",12,330,-15,1,865,0.38150289017341
"1027","86-2-4-860419",1,734,-9,1,889,0.825646794150731
"1028","86-2-4-860419",2,361,-9,1,889,0.40607424071991
"1029","86-2-4-860419",12,286,-9,1,889,0.321709786276715
"1030","86-2-4-860426",1,258,-3,1,892,0.289237668161435
"1031","86-2-4-860426",2,121,-3,1,892,0.135650224215247
"1032","86-2-4-860426",12,36,-3,1,892,0.0403587443946188
"1033","86-2-4-860503",1,184,3,2,914,0.201312910284464
"1034","86-2-4-860503",2,110,3,2,914,0.12035010940919
"1035","86-2-4-860503",12,0,3,2,914,0
"1036","86-2-4-860510",1,349,9,2,903,0.386489479512735
"1037","86-2-4-860510",2,68,9,2,903,0.0753045404208195
"1038","86-2-4-860510",12,0,9,2,903,0
"1039","86-2-4-860517",1,188,15,2,946,0.198731501057082
"1040","86-2-4-860517",2,37,15,2,946,0.0391120507399577
"1041","86-2-4-860517",12,0,15,2,946,0
"1042","86-2-4-860524",1,313,26,2,968,0.323347107438017
"1043","86-2-4-860524",2,166,26,2,968,0.171487603305785
"1044","86-2-4-860524",12,0,26,2,968,0
"1045","86-2-4-860525",1,246,27,2,965,0.254922279792746
"1046","86-2-4-860525",2,77,27,2,965,0.0797927461139896
"1047","86-2-4-860525",12,0,27,2,965,0
"1048","86-2-4-860531",1,515,32,2,974,0.528747433264887
"1049","86-2-4-860531",2,81,32,2,974,0.0831622176591376
"1050","86-2-4-860531",12,68,32,2,974,0.0698151950718686
"1051","86-2-4-860607",1,639,5,3,935,0.683422459893048
"1052","86-2-4-860607",2,137,5,3,935,0.146524064171123
"1053","86-2-4-860607",12,138,5,3,935,0.147593582887701
"1054","86-2-4-860614",1,953,11,3,983,0.969481180061038
"1055","86-2-4-860614",2,406,11,3,983,0.413021363173957
"1056","86-2-4-860614",12,414,11,3,983,0.421159715157681
"1057","86-2-4-860621",1,924,20,3,980,0.942857142857143
"1058","86-2-4-860621",2,547,20,3,980,0.558163265306122
"1059","86-2-4-860621",12,548,20,3,980,0.559183673469388
"1060","86-2-4-860628",1,979,27,3,985,0.993908629441624
"1061","86-2-4-860628",2,724,27,3,985,0.73502538071066
"1062","86-2-4-860628",12,735,27,3,985,0.746192893401015
"1063","86-2-5-860329",1,633,-9,1,802,0.78927680798005
"1064","86-2-5-860329",2,49,-9,1,802,0.0610972568578554
"1065","86-2-5-860329",12,48,-9,1,802,0.0598503740648379
"1066","86-2-5-860405",1,698,-3,1,794,0.879093198992443
"1067","86-2-5-860405",2,26,-3,1,794,0.0327455919395466
"1068","86-2-5-860405",12,23,-3,1,794,0.0289672544080605
"1069","86-2-5-860412",1,695,9,2,843,0.824436536180308
"1070","86-2-5-860412",2,0,9,2,843,0
"1071","86-2-5-860412",12,0,9,2,843,0
"1072","86-2-5-860419",1,759,15,2,875,0.867428571428571
"1073","86-2-5-860419",2,11,15,2,875,0.0125714285714286
"1074","86-2-5-860419",12,0,15,2,875,0
"1075","86-2-5-860426",1,229,21,2,896,0.255580357142857
"1076","86-2-5-860426",2,312,21,2,896,0.348214285714286
"1077","86-2-5-860426",12,0,21,2,896,0
"1078","86-2-5-860503",1,373,27,2,890,0.419101123595506
"1079","86-2-5-860503",2,70,27,2,890,0.0786516853932584
"1080","86-2-5-860503",12,0,27,2,890,0
"1081","86-2-5-860510",1,309,34,2,902,0.342572062084257
"1082","86-2-5-860510",2,40,34,2,902,0.0443458980044346
"1083","86-2-5-860510",12,0,34,2,902,0
"1084","86-2-5-860517",1,516,9,3,946,0.545454545454545
"1085","86-2-5-860517",2,166,9,3,946,0.175475687103594
"1086","86-2-5-860517",12,15,9,3,946,0.0158562367864693
"1087","86-2-5-860524",1,492,16,3,941,0.522848034006376
"1088","86-2-5-860524",2,546,16,3,941,0.580233793836344
"1089","86-2-5-860524",12,359,16,3,941,0.381509032943677
"1090","86-2-5-860525",1,808,17,3,947,0.853220696937698
"1091","86-2-5-860525",2,566,17,3,947,0.597676874340021
"1092","86-2-5-860525",12,491,17,3,947,0.518479408658923
"1093","86-2-5-860531",1,796,23,3,981,0.811416921508665
"1094","86-2-5-860531",2,555,23,3,981,0.565749235474006
"1095","86-2-5-860531",12,489,23,3,981,0.498470948012232
"1096","86-2-6-860329",1,772,-21,1,791,0.975979772439949
"1097","86-2-6-860329",2,519,-21,1,791,0.656131479140329
"1098","86-2-6-860329",12,517,-21,1,791,0.653603034134008
"1099","86-2-6-860405",1,771,-15,1,815,0.94601226993865
"1100","86-2-6-860405",2,14,-15,1,815,0.0171779141104294
"1101","86-2-6-860405",12,15,-15,1,815,0.0184049079754601
"1102","86-2-6-860412",1,668,-9,1,850,0.785882352941176
"1103","86-2-6-860412",2,74,-9,1,850,0.0870588235294118
"1104","86-2-6-860412",12,74,-9,1,850,0.0870588235294118
"1105","86-2-6-860419",1,844,-3,1,859,0.982537834691502
"1106","86-2-6-860419",2,274,-3,1,859,0.318975552968568
"1107","86-2-6-860419",12,277,-3,1,859,0.322467986030268
"1108","86-2-6-860426",1,252,3,2,872,0.288990825688073
"1109","86-2-6-860426",2,124,3,2,872,0.142201834862385
"1110","86-2-6-860426",12,0,3,2,872,0
"1111","86-2-7-860405",1,381,0,2,800,0.47625
"1112","86-2-7-860405",2,53,0,2,800,0.06625
"1113","86-2-7-860405",12,0,0,2,800,0
"1114","86-2-7-860412",1,425,-14,1,805,0.527950310559006
"1115","86-2-7-860412",2,0,-14,1,805,0
"1116","86-2-7-860412",12,0,-14,1,805,0
"1117","86-2-7-860419",1,638,-7,1,880,0.725
"1118","86-2-7-860419",2,0,-7,1,880,0
"1119","86-2-7-860419",12,0,-7,1,880,0
"1120","86-2-7-860426",1,389,0,2,895,0.43463687150838
"1121","86-2-7-860426",2,0,0,2,895,0
"1122","86-2-7-860426",12,0,0,2,895,0
"1123","86-2-7-860503",1,382,9,2,898,0.425389755011136
"1124","86-2-7-860503",2,28,9,2,898,0.0311804008908686
"1125","86-2-7-860503",12,0,9,2,898,0
"1126","86-2-8-860327",1,579,-21,1,802,0.721945137157107
"1127","86-2-8-860327",2,217,-21,1,802,0.270573566084788
"1128","86-2-8-860327",12,178,-21,1,802,0.221945137157107
"1129","86-2-8-860402",1,575,-15,1,800,0.71875
"1130","86-2-8-860402",2,81,-15,1,800,0.10125
"1131","86-2-8-860402",12,65,-15,1,800,0.08125
"1132","86-2-8-860408",1,692,-9,1,812,0.852216748768473
"1133","86-2-8-860408",2,253,-9,1,812,0.311576354679803
"1134","86-2-8-860408",12,186,-9,1,812,0.229064039408867
"1135","86-2-8-860414",1,613,-3,1,745,0.822818791946309
"1136","86-2-8-860414",2,0,-3,1,745,0
"1137","86-2-8-860414",12,0,-3,1,745,0
"1138","86-2-8-860421",1,439,3,2,861,0.509872241579559
"1139","86-2-8-860421",2,196,3,2,861,0.227642276422764
"1140","86-2-8-860421",12,0,3,2,861,0
"1141","86-2-8-860428",1,396,9,2,880,0.45
"1142","86-2-8-860428",2,206,9,2,880,0.234090909090909
"1143","86-2-8-860428",12,0,9,2,880,0
"1144","86-2-8-860502",1,279,15,2,880,0.317045454545455
"1145","86-2-8-860502",2,142,15,2,880,0.161363636363636
"1146","86-2-8-860502",12,0,15,2,880,0
"1147","86-2-8-860508",1,219,21,2,932,0.234978540772532
"1148","86-2-8-860508",2,140,21,2,932,0.150214592274678
"1149","86-2-8-860508",12,0,21,2,932,0
"1150","86-2-8-860514",1,327,27,2,917,0.35659760087241
"1151","86-2-8-860514",2,71,27,2,917,0.0774263904034896
"1152","86-2-8-860514",12,1,27,2,917,0.00109051254089422
"1153","86-2-8-860520",1,392,33,2,938,0.417910447761194
"1154","86-2-8-860520",2,27,33,2,938,0.0287846481876333
"1155","86-2-8-860520",12,0,33,2,938,0
"1156","86-2-8-860528",1,711,5,3,950,0.748421052631579
"1157","86-2-8-860528",2,61,5,3,950,0.0642105263157895
"1158","86-2-8-860528",12,0,5,3,950,0
"1159","86-2-8-860603",1,722,11,3,990,0.729292929292929
"1160","86-2-8-860603",2,106,11,3,990,0.107070707070707
"1161","86-2-8-860603",12,34,11,3,990,0.0343434343434343
"1162","86-2-8-860610",1,283,17,3,973,0.290853031860226
"1163","86-2-8-860610",2,563,17,3,973,0.578622816032888
"1164","86-2-8-860610",12,158,17,3,973,0.162384378211716
"1165","86-2-8-860616",1,758,23,3,980,0.773469387755102
"1166","86-2-8-860616",2,213,23,3,980,0.21734693877551
"1167","86-2-8-860616",12,185,23,3,980,0.188775510204082
"1168","86-2-8-860622",1,916,29,3,990,0.925252525252525
"1169","86-2-8-860622",2,510,29,3,990,0.515151515151515
"1170","86-2-8-860622",12,466,29,3,990,0.470707070707071
"1171","86-3-9-860328",1,498,-33,1,812,0.613300492610837
"1172","86-3-9-860328",2,185,-33,1,812,0.227832512315271
"1173","86-3-9-860328",12,149,-33,1,812,0.183497536945813
"1174","86-3-9-860403",1,711,-27,1,815,0.87239263803681
"1175","86-3-9-860403",2,302,-27,1,815,0.370552147239264
"1176","86-3-9-860403",12,283,-27,1,815,0.347239263803681
"1177","86-3-9-860409",1,614,-21,1,812,0.75615763546798
"1178","86-3-9-860409",2,134,-21,1,812,0.165024630541872
"1179","86-3-9-860409",12,102,-21,1,812,0.125615763546798
"1180","86-3-9-860415",1,547,-15,1,840,0.651190476190476
"1181","86-3-9-860415",2,229,-15,1,840,0.272619047619048
"1182","86-3-9-860415",12,217,-15,1,840,0.258333333333333
"1183","86-3-9-860422",1,646,-9,1,858,0.752913752913753
"1184","86-3-9-860422",2,156,-9,1,858,0.181818181818182
"1185","86-3-9-860422",12,157,-9,1,858,0.182983682983683
"1186","86-3-9-860427",1,518,-3,1,873,0.593356242840779
"1187","86-3-9-860427",2,0,-3,1,873,0
"1188","86-3-9-860427",12,0,-3,1,873,0
"1189","86-3-9-860504",1,854,0,2,909,0.939493949394939
"1190","86-3-9-860504",2,317,0,2,909,0.348734873487349
"1191","86-3-9-860504",12,322,0,2,909,0.354235423542354
"1192","86-3-9-860509",1,259,9,2,901,0.287458379578246
"1193","86-3-9-860509",2,49,9,2,901,0.0543840177580466
"1194","86-3-9-860509",12,19,9,2,901,0.0210876803551609
"1195","86-3-9-860515",1,190,15,2,914,0.207877461706783
"1196","86-3-9-860515",2,355,15,2,914,0.388402625820569
"1197","86-3-9-860515",12,0,15,2,914,0
"1198","86-3-9-860521",1,200,18,2,916,0.218340611353712
"1199","86-3-9-860521",2,184,18,2,916,0.200873362445415
"1200","86-3-9-860521",12,0,18,2,916,0
"1201","86-3-9-860526",1,220,21,2,958,0.22964509394572
"1202","86-3-9-860526",2,100,21,2,958,0.104384133611691
"1203","86-3-9-860526",12,0,21,2,958,0
"1204","86-3-9-860601",1,425,27,2,975,0.435897435897436
"1205","86-3-9-860601",2,67,27,2,975,0.0687179487179487
"1206","86-3-9-860601",12,0,27,2,975,0
"1207","86-3-9-860606",1,592,0,3,969,0.6109391124871
"1208","86-3-9-860606",2,139,0,3,969,0.143446852425181
"1209","86-3-9-860606",12,3,0,3,969,0.00309597523219814
"1210","86-3-9-860612",1,775,5,3,960,0.807291666666667
"1211","86-3-9-860612",2,90,5,3,960,0.09375
"1212","86-3-9-860612",12,80,5,3,960,0.0833333333333333
"1213","86-3-9-860618",1,819,11,3,984,0.832317073170732
"1214","86-3-9-860618",2,592,11,3,984,0.601626016260163
"1215","86-3-9-860618",12,564,11,3,984,0.573170731707317
"1216","86-3-9-860624",1,985,17,3,985,1
"1217","86-3-9-860624",2,867,17,3,985,0.880203045685279
"1218","86-3-9-860624",12,869,17,3,985,0.882233502538071
"1219","86-3-9-860629",1,988,23,3,988,1
"1220","86-3-9-860629",2,659,23,3,988,0.667004048582996
"1221","86-3-9-860629",12,661,23,3,988,0.669028340080972
"1222","86-3-10-860326",1,559,-9,1,705,0.79290780141844
"1223","86-3-10-860326",2,187,-9,1,705,0.265248226950355
"1224","86-3-10-860326",12,142,-9,1,705,0.201418439716312
"1225","86-3-10-860401",1,436,-3,1,781,0.558258642765685
"1226","86-3-10-860401",2,1,-3,1,781,0.00128040973111396
"1227","86-3-10-860401",12,0,-3,1,781,0
"1228","86-3-10-860407",1,766,3,2,837,0.915173237753883
"1229","86-3-10-860407",2,7,3,2,837,0.00836320191158901
"1230","86-3-10-860407",12,9,3,2,837,0.010752688172043
"1231","86-3-10-860413",1,309,9,2,848,0.36438679245283
"1232","86-3-10-860413",2,115,9,2,848,0.13561320754717
"1233","86-3-10-860413",12,55,9,2,848,0.0648584905660377
"1234","86-3-10-860418",1,490,15,2,858,0.571095571095571
"1235","86-3-10-860418",2,86,15,2,858,0.1002331002331
"1236","86-3-10-860418",12,6,15,2,858,0.00699300699300699
"1237","86-3-10-860425",1,262,21,2,875,0.299428571428571
"1238","86-3-10-860425",2,7,21,2,875,0.008
"1239","86-3-10-860425",12,0,21,2,875,0
"1240","86-3-10-860501",1,316,27,2,887,0.356257046223224
"1241","86-3-10-860501",2,182,27,2,887,0.205186020293123
"1242","86-3-10-860501",12,0,27,2,887,0
"1243","86-3-10-860507",1,194,34,2,914,0.212253829321663
"1244","86-3-10-860507",2,108,34,2,914,0.118161925601751
"1245","86-3-10-860507",12,0,34,2,914,0
"1246","86-3-10-860513",1,494,5,3,940,0.525531914893617
"1247","86-3-10-860513",2,2,5,3,940,0.00212765957446809
"1248","86-3-10-860513",12,0,5,3,940,0
"1249","86-3-10-860519",1,507,11,3,940,0.53936170212766
"1250","86-3-10-860519",2,48,11,3,940,0.051063829787234
"1251","86-3-10-860519",12,0,11,3,940,0
"1252","86-3-10-860526",1,462,17,3,959,0.481751824817518
"1253","86-3-10-860526",2,509,17,3,959,0.530761209593326
"1254","86-3-10-860526",12,101,17,3,959,0.105318039624609
"1255","86-3-10-860601",1,795,23,3,960,0.828125
"1256","86-3-10-860601",2,374,23,3,960,0.389583333333333
"1257","86-3-10-860601",12,355,23,3,960,0.369791666666667
"1258","86-3-12-860328",1,547,-21,1,796,0.687185929648241
"1259","86-3-12-860328",2,264,-21,1,796,0.331658291457286
"1260","86-3-12-860328",12,125,-21,1,796,0.157035175879397
"1261","86-3-12-860403",1,445,-15,1,795,0.559748427672956
"1262","86-3-12-860403",2,0,-15,1,795,0
"1263","86-3-12-860403",12,0,-15,1,795,0
"1264","86-3-12-860409",1,667,-9,1,858,0.777389277389277
"1265","86-3-12-860409",2,700,-9,1,858,0.815850815850816
"1266","86-3-12-860409",12,559,-9,1,858,0.651515151515151
"1267","86-3-12-860415",1,715,-3,1,861,0.830429732868757
"1268","86-3-12-860415",2,359,-3,1,861,0.416957026713124
"1269","86-3-12-860415",12,319,-3,1,861,0.370499419279907
"1270","86-3-12-860422",1,173,0,2,857,0.201866977829638
"1271","86-3-12-860422",2,39,0,2,857,0.0455075845974329
"1272","86-3-12-860422",12,0,0,2,857,0
"1273","86-3-12-860427",1,434,3,2,880,0.493181818181818
"1274","86-3-12-860427",2,64,3,2,880,0.0727272727272727
"1275","86-3-12-860427",12,1,3,2,880,0.00113636363636364
"1276","86-3-12-860504",1,287,9,2,878,0.326879271070615
"1277","86-3-12-860504",2,156,9,2,878,0.177676537585421
"1278","86-3-12-860504",12,0,9,2,878,0
"1279","86-3-12-860509",1,381,15,2,930,0.409677419354839
"1280","86-3-12-860509",2,182,15,2,930,0.195698924731183
"1281","86-3-12-860509",12,0,15,2,930,0
"1282","86-3-12-860515",1,384,21,2,931,0.412459720730397
"1283","86-3-12-860515",2,223,21,2,931,0.23952738990333
"1284","86-3-12-860515",12,2,21,2,931,0.00214822771213749
"1285","86-3-12-860521",1,228,27,2,948,0.240506329113924
"1286","86-3-12-860521",2,275,27,2,948,0.290084388185654
"1287","86-3-12-860521",12,0,27,2,948,0
"1288","86-3-12-860528",1,443,33,2,943,0.469777306468717
"1289","86-3-12-860528",2,128,33,2,943,0.135737009544008
"1290","86-3-12-860528",12,0,33,2,943,0
"1291","86-3-12-860603",1,732,5,3,964,0.759336099585062
"1292","86-3-12-860603",2,13,5,3,964,0.0134854771784232
"1293","86-3-12-860603",12,15,5,3,964,0.0155601659751037
"1294","86-1-13-860502",1,455,-9,1,887,0.512965050732807
"1295","86-1-13-860502",2,285,-9,1,887,0.32130777903044
"1296","86-1-13-860502",12,271,-9,1,887,0.305524239007892
"1297","86-1-13-860509",1,139,-3,1,913,0.152245345016429
"1298","86-1-13-860509",2,0,-3,1,913,0
"1299","86-1-13-860509",12,0,-3,1,913,0
"1300","86-1-13-860515",1,454,3,2,925,0.490810810810811
"1301","86-1-13-860515",2,0,3,2,925,0
"1302","86-1-13-860515",12,0,3,2,925,0
"1303","86-1-13-860521",1,318,9,2,975,0.326153846153846
"1304","86-1-13-860521",2,296,9,2,975,0.303589743589744
"1305","86-1-13-860521",12,0,9,2,975,0
"1306","86-1-13-860528",1,378,15,2,985,0.383756345177665
"1307","86-1-13-860528",2,179,15,2,985,0.181725888324873
"1308","86-1-13-860528",12,0,15,2,985,0
"1309","86-1-13-860603",1,213,21,2,966,0.220496894409938
"1310","86-1-13-860603",2,132,21,2,966,0.136645962732919
"1311","86-1-13-860603",12,0,21,2,966,0
"1312","86-1-13-860610",1,591,27,2,985,0.6
"1313","86-1-13-860610",2,87,27,2,985,0.0883248730964467
"1314","86-1-13-860610",12,0,27,2,985,0
"1315","87-1-1-870324",1,518,-3,1,770,0.672727272727273
"1316","87-1-1-870324",2,0,-3,1,770,0
"1317","87-1-1-870324",12,0,-3,1,770,0
"1318","87-1-1-870330",1,266,3,2,813,0.327183271832718
"1319","87-1-1-870330",2,0,3,2,813,0
"1320","87-1-1-870330",12,0,3,2,813,0
"1321","87-1-1-870405",1,311,9,2,831,0.37424789410349
"1322","87-1-1-870405",2,328,9,2,831,0.394705174488568
"1323","87-1-1-870405",12,0,9,2,831,0
"1324","87-1-1-870410",1,369,15,2,850,0.434117647058824
"1325","87-1-1-870410",2,296,15,2,850,0.348235294117647
"1326","87-1-1-870410",12,0,15,2,850,0
"1327","87-1-1-870416",1,283,21,2,861,0.328687572590012
"1328","87-1-1-870416",2,109,21,2,861,0.126596980255517
"1329","87-1-1-870416",12,0,21,2,861,0
"1330","87-1-1-870423",1,83,27,2,885,0.0937853107344633
"1331","87-1-1-870423",2,396,27,2,885,0.447457627118644
"1332","87-1-1-870423",12,0,27,2,885,0
"1333","87-1-1-870429",1,166,0,3,899,0.184649610678532
"1334","87-1-1-870429",2,0,0,3,899,0
"1335","87-1-1-870429",12,0,0,3,899,0
"1336","87-1-1-870505",1,588,5,3,891,0.65993265993266
"1337","87-1-1-870505",2,68,5,3,891,0.0763187429854097
"1338","87-1-1-870505",12,24,5,3,891,0.0269360269360269
"1339","87-1-1-870511",1,374,11,3,935,0.4
"1340","87-1-1-870511",2,216,11,3,935,0.231016042780749
"1341","87-1-1-870511",12,96,11,3,935,0.102673796791444
"1342","87-1-1-870517",1,328,17,3,939,0.349307774227902
"1343","87-1-1-870517",2,375,17,3,939,0.399361022364217
"1344","87-1-1-870517",12,150,17,3,939,0.159744408945687
"1345","87-1-1-870522",1,463,23,3,956,0.484309623430962
"1346","87-1-1-870522",2,302,23,3,956,0.315899581589958
"1347","87-1-1-870522",12,41,23,3,956,0.0428870292887029
"1348","87-1-1-870529",1,579,29,3,967,0.59875904860393
"1349","87-1-1-870529",2,502,29,3,967,0.519131334022751
"1350","87-1-1-870529",12,343,29,3,967,0.354705274043433
"1351","87-1-2-870326",1,183,3,2,801,0.228464419475655
"1352","87-1-2-870326",2,231,3,2,801,0.288389513108614
"1353","87-1-2-870326",12,0,3,2,801,0
"1354","87-1-2-870401",2,197,9,2,812,0.242610837438424
"1355","87-1-2-870401",12,0,9,2,812,0
"1356","87-1-2-870407",1,274,15,2,841,0.325802615933413
"1357","87-1-2-870407",2,141,15,2,841,0.167657550535077
"1358","87-1-2-870407",12,0,15,2,841,0
"1359","87-1-2-870413",1,327,21,2,856,0.382009345794392
"1360","87-1-2-870413",2,60,21,2,856,0.0700934579439252
"1361","87-1-2-870413",12,0,21,2,856,0
"1362","87-1-2-870420",1,356,27,2,875,0.406857142857143
"1363","87-1-2-870420",2,82,27,2,875,0.0937142857142857
"1364","87-1-2-870420",12,0,27,2,875,0
"1365","87-1-2-870426",1,205,0,3,891,0.230078563411897
"1366","87-1-2-870426",2,106,0,3,891,0.118967452300786
"1367","87-1-2-870426",12,0,0,3,891,0
"1368","87-1-2-870501",1,321,5,3,907,0.353914002205072
"1369","87-1-2-870501",2,0,5,3,907,0
"1370","87-1-2-870501",12,0,5,3,907,0
"1371","87-1-2-870507",1,450,11,3,929,0.484391819160388
"1372","87-1-2-870507",2,69,11,3,929,0.0742734122712594
"1373","87-1-2-870507",12,10,11,3,929,0.0107642626480086
"1374","87-1-2-870513",1,280,17,3,945,0.296296296296296
"1375","87-1-2-870513",2,96,17,3,945,0.101587301587302
"1376","87-1-2-870513",12,2,17,3,945,0.00211640211640212
"1377","87-1-2-870519",1,435,23,3,957,0.454545454545455
"1378","87-1-2-870519",2,87,23,3,957,0.0909090909090909
"1379","87-1-2-870519",12,72,23,3,957,0.0752351097178683
"1380","87-1-2-870526",1,670,29,3,960,0.697916666666667
"1381","87-1-2-870526",2,147,29,3,960,0.153125
"1382","87-1-2-870526",12,78,29,3,960,0.08125
"1383","87-1-2-870601",1,624,35,3,960,0.65
"1384","87-1-2-870601",2,505,35,3,960,0.526041666666667
"1385","87-1-2-870601",12,309,35,3,960,0.321875
"1386","87-1-3-870325",1,572,9,2,805,0.71055900621118
"1387","87-1-3-870325",2,0,9,2,805,0
"1388","87-1-3-870325",12,0,9,2,805,0
"1389","87-1-3-870331",1,341,15,2,820,0.415853658536585
"1390","87-1-3-870331",2,291,15,2,820,0.354878048780488
"1391","87-1-3-870331",12,0,15,2,820,0
"1392","87-1-3-870406",1,432,21,2,820,0.526829268292683
"1393","87-1-3-870406",2,165,21,2,820,0.201219512195122
"1394","87-1-3-870406",12,3,21,2,820,0.00365853658536585
"1395","87-1-3-870412",1,186,27,2,855,0.217543859649123
"1396","87-1-3-870412",2,280,27,2,855,0.327485380116959
"1397","87-1-3-870412",12,0,27,2,855,0
"1398","87-1-3-870419",1,114,33,2,875,0.130285714285714
"1399","87-1-3-870419",2,232,33,2,875,0.265142857142857
"1400","87-1-3-870419",12,0,33,2,875,0
"1401","87-1-3-870424",1,376,5,3,893,0.421052631578947
"1402","87-1-3-870424",2,61,5,3,893,0.0683090705487122
"1403","87-1-3-870424",12,0,5,3,893,0
"1404","87-1-3-870430",1,407,11,3,905,0.449723756906077
"1405","87-1-3-870430",2,83,11,3,905,0.0917127071823204
"1406","87-1-3-870430",12,60,11,3,905,0.0662983425414365
"1407","87-1-3-870506",1,378,17,3,923,0.409534127843987
"1408","87-1-3-870506",2,59,17,3,923,0.0639219934994583
"1409","87-1-3-870506",12,18,17,3,923,0.019501625135428
"1410","87-1-3-870512",1,401,23,3,935,0.428877005347594
"1411","87-1-3-870512",2,394,23,3,935,0.421390374331551
"1412","87-1-3-870512",12,186,23,3,935,0.198930481283422
"1413","87-1-3-870518",1,518,29,3,946,0.547568710359408
"1414","87-1-3-870518",2,565,29,3,946,0.597251585623679
"1415","87-1-3-870518",12,310,29,3,946,0.3276955602537
"1416","87-1-3-870525",1,290,35,3,960,0.302083333333333
"1417","87-1-3-870525",2,535,35,3,960,0.557291666666667
"1418","87-1-3-870525",12,99,35,3,960,0.103125
"1419","87-1-4-870324",1,500,-3,1,790,0.632911392405063
"1420","87-1-4-870324",2,0,-3,1,790,0
"1421","87-1-4-870324",12,0,-3,1,790,0
"1422","87-1-4-870330",1,89,3,2,788,0.112944162436548
"1423","87-1-4-870330",2,384,3,2,788,0.487309644670051
"1424","87-1-4-870330",12,0,3,2,788,0
"1425","87-1-4-870405",1,346,9,2,834,0.414868105515588
"1426","87-1-4-870405",2,131,9,2,834,0.157074340527578
"1427","87-1-4-870405",12,0,9,2,834,0
"1428","87-1-4-870410",1,438,15,2,844,0.518957345971564
"1429","87-1-4-870410",2,80,15,2,844,0.0947867298578199
"1430","87-1-4-870410",12,0,15,2,844,0
"1431","87-1-4-870416",1,486,21,2,868,0.559907834101382
"1432","87-1-4-870416",2,143,21,2,868,0.164746543778802
"1433","87-1-4-870416",12,0,21,2,868,0
"1434","87-1-4-870423",1,572,27,2,884,0.647058823529412
"1435","87-1-4-870423",2,0,27,2,884,0
"1436","87-1-4-870423",12,0,27,2,884,0
"1437","87-1-4-870429",1,583,33,2,887,0.657271702367531
"1438","87-1-4-870429",2,53,33,2,887,0.0597519729425028
"1439","87-1-4-870429",12,0,33,2,887,0
"1440","87-1-4-870505",1,596,5,3,913,0.652792990142388
"1441","87-1-4-870505",2,120,5,3,913,0.131434830230011
"1442","87-1-4-870505",12,0,5,3,913,0
"1443","87-1-4-870511",1,642,11,3,935,0.686631016042781
"1444","87-1-4-870511",2,97,11,3,935,0.103743315508021
"1445","87-1-4-870511",12,69,11,3,935,0.0737967914438503
"1446","87-1-4-870513",1,652,13,3,938,0.695095948827292
"1447","87-1-4-870513",2,44,13,3,938,0.046908315565032
"1448","87-1-4-870513",12,14,13,3,938,0.0149253731343284
"1449","87-1-4-870517",1,633,17,3,940,0.673404255319149
"1450","87-1-4-870517",2,171,17,3,940,0.181914893617021
"1451","87-1-4-870517",12,152,17,3,940,0.161702127659574
"1452","87-1-4-870519",1,429,19,3,948,0.45253164556962
"1453","87-1-4-870519",2,180,19,3,948,0.189873417721519
"1454","87-1-4-870519",12,83,19,3,948,0.0875527426160338
"1455","87-1-4-870522",1,769,23,3,960,0.801041666666667
"1456","87-1-4-870522",2,336,23,3,960,0.35
"1457","87-1-4-870522",12,237,23,3,960,0.246875
"1458","87-1-4-870525",1,662,25,3,965,0.6860103626943
"1459","87-1-4-870525",2,425,25,3,965,0.440414507772021
"1460","87-1-4-870525",12,356,25,3,965,0.368911917098446
"1461","87-1-4-870529",1,781,29,3,967,0.8076525336091
"1462","87-1-4-870529",2,313,29,3,967,0.323681489141675
"1463","87-1-4-870529",12,217,29,3,967,0.22440537745605
"1464","87-1-4-870604",1,524,35,3,975,0.537435897435897
"1465","87-1-4-870604",2,175,35,3,975,0.179487179487179
"1466","87-1-4-870604",12,51,35,3,975,0.0523076923076923
"1467","87-2-5-870328",1,520,-3,1,804,0.646766169154229
"1468","87-2-5-870328",2,153,-3,1,804,0.190298507462687
"1469","87-2-5-870328",12,77,-3,1,804,0.095771144278607
"1470","87-2-5-870404",1,270,3,2,830,0.325301204819277
"1471","87-2-5-870404",2,98,3,2,830,0.118072289156627
"1472","87-2-5-870404",12,0,3,2,830,0
"1473","87-2-5-870411",1,218,9,2,856,0.254672897196262
"1474","87-2-5-870411",2,0,9,2,856,0
"1475","87-2-5-870411",12,0,9,2,856,0
"1476","87-2-5-870419",1,117,15,2,885,0.132203389830508
"1477","87-2-5-870419",2,193,15,2,885,0.218079096045198
"1478","87-2-5-870419",12,0,15,2,885,0
"1479","87-2-5-870425",1,284,21,2,892,0.318385650224215
"1480","87-2-5-870425",2,90,21,2,892,0.100896860986547
"1481","87-2-5-870425",12,0,21,2,892,0
"1482","87-2-5-870503",1,107,27,2,917,0.116684841875682
"1483","87-2-5-870503",2,186,27,2,917,0.202835332606325
"1484","87-2-5-870503",12,0,27,2,917,0
"1485","87-2-5-870509",1,198,5,3,926,0.213822894168467
"1486","87-2-5-870509",2,129,5,3,926,0.139308855291577
"1487","87-2-5-870509",12,0,5,3,926,0
"1488","87-2-5-870516",1,538,11,3,945,0.569312169312169
"1489","87-2-5-870516",2,16,11,3,945,0.0169312169312169
"1490","87-2-5-870516",12,0,11,3,945,0
"1491","87-2-5-870523",1,351,17,3,950,0.369473684210526
"1492","87-2-5-870523",2,11,17,3,950,0.0115789473684211
"1493","87-2-5-870523",12,0,17,3,950,0
"1494","87-2-5-870524",1,255,18,3,961,0.265348595213319
"1495","87-2-5-870524",2,50,18,3,961,0.0520291363163371
"1496","87-2-5-870524",12,23,18,3,961,0.0239334027055151
"1497","87-2-5-870530",1,476,23,3,964,0.493775933609959
"1498","87-2-5-870530",2,447,23,3,964,0.463692946058091
"1499","87-2-5-870530",12,337,23,3,964,0.349585062240664
"1500","87-2-5-870606",1,751,29,3,983,0.763987792472024
"1501","87-2-5-870606",2,50,29,3,983,0.0508646998982706
"1502","87-2-5-870606",12,45,29,3,983,0.0457782299084435
"1503","87-2-6-870328",1,610,9,2,805,0.757763975155279
"1504","87-2-6-870328",2,0,9,2,805,0
"1505","87-2-6-870328",12,0,9,2,805,0
"1506","87-2-6-870404",1,219,15,2,829,0.264173703256936
"1507","87-2-6-870404",2,182,15,2,829,0.219541616405308
"1508","87-2-6-870404",12,0,15,2,829,0
"1509","87-2-6-870411",1,207,21,2,853,0.242672919109027
"1510","87-2-6-870411",2,140,21,2,853,0.164126611957796
"1511","87-2-6-870411",12,0,21,2,853,0
"1512","87-2-6-870418",1,227,27,2,859,0.264260768335274
"1513","87-2-6-870418",2,76,27,2,859,0.0884749708963912
"1514","87-2-6-870418",12,0,27,2,859,0
"1515","87-2-6-870425",1,222,5,3,890,0.249438202247191
"1516","87-2-6-870425",2,165,5,3,890,0.185393258426966
"1517","87-2-6-870425",12,0,5,3,890,0
"1518","87-2-6-870502",1,411,11,3,911,0.451152579582876
"1519","87-2-6-870502",2,127,11,3,911,0.13940724478595
"1520","87-2-6-870502",12,48,11,3,911,0.0526893523600439
"1521","87-2-6-870509",1,342,17,3,913,0.374589266155531
"1522","87-2-6-870509",2,72,17,3,913,0.0788608981380066
"1523","87-2-6-870509",12,47,17,3,913,0.0514786418400876
"1524","87-2-6-870516",1,425,23,3,940,0.452127659574468
"1525","87-2-6-870516",2,194,23,3,940,0.206382978723404
"1526","87-2-6-870516",12,132,23,3,940,0.140425531914894
"1527","87-2-6-870523",1,428,35,3,948,0.451476793248945
"1528","87-2-6-870523",2,514,35,3,948,0.542194092827004
"1529","87-2-6-870523",12,276,35,3,948,0.291139240506329
"1530","87-2-7-870328",1,265,-3,1,801,0.33083645443196
"1531","87-2-7-870328",2,0,-3,1,801,0
"1532","87-2-7-870328",12,0,-3,1,801,0
"1533","87-2-7-870404",1,254,9,2,829,0.306393244873341
"1534","87-2-7-870404",2,67,9,2,829,0.0808202653799759
"1535","87-2-7-870404",12,0,9,2,829,0
"1536","87-2-7-870411",1,251,15,2,841,0.298454221165279
"1537","87-2-7-870411",2,5,15,2,841,0.00594530321046373
"1538","87-2-7-870411",12,0,15,2,841,0
"1539","87-2-7-870418",1,162,21,2,870,0.186206896551724
"1540","87-2-7-870418",2,3,21,2,870,0.00344827586206897
"1541","87-2-7-870418",12,0,21,2,870,0
"1542","87-2-7-870425",1,245,27,2,885,0.27683615819209
"1543","87-2-7-870425",2,199,27,2,885,0.224858757062147
"1544","87-2-7-870425",12,0,27,2,885,0
"1545","87-2-7-870502",1,84,33,2,911,0.0922063666300768
"1546","87-2-7-870502",2,91,33,2,911,0.0998902305159166
"1547","87-2-7-870502",12,0,33,2,911,0
"1548","87-2-7-870509",1,477,11,3,931,0.512352309344791
"1549","87-2-7-870509",2,94,11,3,931,0.100966702470462
"1550","87-2-7-870509",12,0,11,3,931,0
"1551","87-2-7-870516",1,269,17,3,943,0.28525980911983
"1552","87-2-7-870516",2,141,17,3,943,0.149522799575822
"1553","87-2-7-870516",12,0,17,3,943,0
"1554","87-2-7-870523",1,207,23,3,949,0.218124341412013
"1555","87-2-7-870523",2,301,23,3,949,0.317175974710221
"1556","87-2-7-870523",12,68,23,3,949,0.071654373024236
"1557","87-2-7-870524",1,465,24,3,960,0.484375
"1558","87-2-7-870524",2,127,24,3,960,0.132291666666667
"1559","87-2-7-870524",12,55,24,3,960,0.0572916666666667
"1560","87-2-7-870530",1,168,29,3,957,0.175548589341693
"1561","87-2-7-870530",2,192,29,3,957,0.200626959247649
"1562","87-2-7-870530",12,2,29,3,957,0.00208986415882968
"1563","87-2-7-870606",1,628,35,3,983,0.638860630722279
"1564","87-2-7-870606",2,236,35,3,983,0.240081383519837
"1565","87-2-7-870606",12,231,35,3,983,0.23499491353001
"1566","87-2-8-870328",1,189,-9,1,805,0.234782608695652
"1567","87-2-8-870328",2,0,-9,1,805,0
"1568","87-2-8-870328",12,0,-9,1,805,0
"1569","87-2-8-870404",1,208,-3,2,823,0.25273390036452
"1570","87-2-8-870404",2,0,-3,2,823,0
"1571","87-2-8-870404",12,0,-3,2,823,0
"1572","87-2-8-870411",1,128,3,2,847,0.15112160566706
"1573","87-2-8-870411",2,56,3,2,847,0.0661157024793388
"1574","87-2-8-870411",12,0,3,2,847,0
"1575","87-2-8-870418",1,162,9,2,872,0.185779816513761
"1576","87-2-8-870418",2,49,9,2,872,0.0561926605504587
"1577","87-2-8-870418",12,0,9,2,872,0
"1578","87-2-8-870425",1,363,15,2,886,0.409706546275395
"1579","87-2-8-870425",2,14,15,2,886,0.0158013544018059
"1580","87-2-8-870425",12,0,15,2,886,0
"1581","87-2-9-870328",1,340,-3,1,804,0.422885572139304
"1582","87-2-9-870328",2,10,-3,1,804,0.0124378109452736
"1583","87-2-9-870328",12,2,-3,1,804,0.00248756218905473
"1584","87-2-9-870404",1,576,3,2,835,0.689820359281437
"1585","87-2-9-870404",2,45,3,2,835,0.0538922155688623
"1586","87-2-9-870404",12,0,3,2,835,0
"1587","87-2-9-870411",1,844,9,2,844,1
"1588","87-2-9-870411",2,5,9,2,844,0.00592417061611374
"1589","87-2-9-870411",12,6,9,2,844,0.00710900473933649
"1590","87-2-9-870418",1,574,-15,1,860,0.667441860465116
"1591","87-2-9-870418",2,509,-15,1,860,0.591860465116279
"1592","87-2-9-870418",12,374,-15,1,860,0.434883720930233
"1593","87-2-9-870425",1,595,-9,1,885,0.672316384180791
"1594","87-2-9-870425",2,150,-9,1,885,0.169491525423729
"1595","87-2-9-870425",12,66,-9,1,885,0.0745762711864407
"1596","87-2-9-870502",1,283,-3,1,890,0.317977528089888
"1597","87-2-9-870502",2,128,-3,1,890,0.143820224719101
"1598","87-2-9-870502",12,0,-3,1,890,0
"1599","87-2-9-870509",1,338,3,2,934,0.361884368308351
"1600","87-2-9-870509",2,75,3,2,934,0.0802997858672377
"1601","87-2-9-870509",12,0,3,2,934,0
"1602","87-2-9-870516",1,307,9,2,950,0.323157894736842
"1603","87-2-9-870516",2,129,9,2,950,0.135789473684211
"1604","87-2-9-870516",12,0,9,2,950,0
"1605","87-2-9-870523",1,313,15,2,961,0.325702393340271
"1606","87-2-9-870523",2,209,15,2,961,0.217481789802289
"1607","87-2-9-870523",12,0,15,2,961,0
"1608","87-2-9-870524",1,283,16,2,932,0.303648068669528
"1609","87-2-9-870524",2,156,16,2,932,0.167381974248927
"1610","87-2-9-870524",12,0,16,2,932,0
"1611","87-2-9-870530",1,295,21,2,967,0.30506721820062
"1612","87-2-9-870530",2,119,21,2,967,0.12306101344364
"1613","87-2-9-870530",12,0,21,2,967,0
"1614","87-2-10-870326",1,411,-9,1,783,0.524904214559387
"1615","87-2-10-870326",2,14,-9,1,783,0.0178799489144317
"1616","87-2-10-870326",12,0,-9,1,783,0
"1617","87-2-10-870401",1,457,-3,1,800,0.57125
"1618","87-2-10-870401",2,12,-3,1,800,0.015
"1619","87-2-10-870401",12,9,-3,1,800,0.01125
"1620","87-2-10-870407",1,265,3,2,828,0.320048309178744
"1621","87-2-10-870407",2,85,3,2,828,0.102657004830918
"1622","87-2-10-870407",12,0,3,2,828,0
"1623","87-2-10-870413",1,327,9,2,859,0.380675203725262
"1624","87-2-10-870413",2,110,9,2,859,0.128055878928987
"1625","87-2-10-870413",12,0,9,2,859,0
"1626","87-2-10-870420",1,239,15,2,866,0.275981524249423
"1627","87-2-10-870420",2,265,15,2,866,0.306004618937644
"1628","87-2-10-870420",12,0,15,2,866,0
"1629","87-2-10-870426",1,116,21,2,885,0.131073446327684
"1630","87-2-10-870426",2,141,21,2,885,0.159322033898305
"1631","87-2-10-870426",12,0,21,2,885,0
"1632","87-2-10-870501",1,262,27,2,892,0.29372197309417
"1633","87-2-10-870501",2,129,27,2,892,0.144618834080717
"1634","87-2-10-870501",12,0,27,2,892,0
"1635","87-2-10-870508",1,258,33,2,935,0.275935828877005
"1636","87-2-10-870508",2,67,33,2,935,0.0716577540106952
"1637","87-2-10-870508",12,0,33,2,935,0
"1638","87-2-10-870513",1,508,5,3,908,0.559471365638767
"1639","87-2-10-870513",2,140,5,3,908,0.154185022026432
"1640","87-2-10-870513",12,0,5,3,908,0
"1641","87-2-10-870519",1,593,11,3,953,0.622245540398741
"1642","87-2-10-870519",2,12,11,3,953,0.012591815320042
"1643","87-2-10-870519",12,13,11,3,953,0.0136411332633788
"1644","87-2-10-870526",1,396,17,3,945,0.419047619047619
"1645","87-2-10-870526",2,182,17,3,945,0.192592592592593
"1646","87-2-10-870526",12,41,17,3,945,0.0433862433862434
"1647","87-2-10-870601",1,438,23,3,971,0.451081359423275
"1648","87-2-10-870601",2,449,23,3,971,0.462409886714727
"1649","87-2-10-870601",12,269,23,3,971,0.277033985581874
"1650","87-2-10-870607",1,790,29,3,985,0.802030456852792
"1651","87-2-10-870607",2,339,29,3,985,0.344162436548223
"1652","87-2-10-870607",12,277,29,3,985,0.281218274111675
"1653","87-2-10-870611",1,685,35,3,975,0.702564102564103
"1654","87-2-10-870611",2,587,35,3,975,0.602051282051282
"1655","87-2-10-870611",12,364,35,3,975,0.373333333333333
"1656","87-3-11-870327",1,515,-27,1,771,0.667963683527886
"1657","87-3-11-870327",2,61,-27,1,771,0.0791180285343709
"1658","87-3-11-870327",12,65,-27,1,771,0.0843060959792477
"1659","87-3-11-870401",1,326,-21,1,819,0.398046398046398
"1660","87-3-11-870401",2,179,-21,1,819,0.218559218559219
"1661","87-3-11-870401",12,69,-21,1,819,0.0842490842490843
"1662","87-3-11-870407",1,680,-15,1,816,0.833333333333333
"1663","87-3-11-870407",2,165,-15,1,816,0.202205882352941
"1664","87-3-11-870407",12,160,-15,1,816,0.196078431372549
"1665","87-3-11-870413",1,609,-9,1,857,0.710618436406068
"1666","87-3-11-870413",2,133,-9,1,857,0.155192532088681
"1667","87-3-11-870413",12,136,-9,1,857,0.158693115519253
"1668","87-3-11-870420",1,609,-3,1,865,0.704046242774567
"1669","87-3-11-870420",2,36,-3,1,865,0.0416184971098266
"1670","87-3-11-870420",12,13,-3,1,865,0.015028901734104
"1671","87-3-12-870324",1,381,9,2,790,0.482278481012658
"1672","87-3-12-870324",2,57,9,2,790,0.0721518987341772
"1673","87-3-12-870324",12,1,9,2,790,0.00126582278481013
"1674","87-3-12-870402",1,253,15,2,812,0.311576354679803
"1675","87-3-12-870402",2,11,15,2,812,0.0135467980295567
"1676","87-3-12-870402",12,0,15,2,812,0
"1677","87-3-12-870405",1,339,21,2,821,0.412911084043849
"1678","87-3-12-870405",2,63,21,2,821,0.0767356881851401
"1679","87-3-12-870405",12,0,21,2,821,0
"1680","87-3-12-870410",1,364,27,2,833,0.436974789915966
"1681","87-3-12-870410",2,100,27,2,833,0.120048019207683
"1682","87-3-12-870410",12,0,27,2,833,0
"1683","87-3-12-870416",1,225,33,2,854,0.263466042154567
"1684","87-3-12-870416",2,51,33,2,854,0.0597189695550351
"1685","87-3-12-870416",12,0,33,2,854,0
"1686","87-3-12-870423",1,399,5,3,878,0.454441913439636
"1687","87-3-12-870423",2,16,5,3,878,0.0182232346241458
"1688","87-3-12-870423",12,0,5,3,878,0
"1689","87-3-12-870429",1,265,11,3,870,0.304597701149425
"1690","87-3-12-870429",2,77,11,3,870,0.0885057471264368
"1691","87-3-12-870429",12,6,11,3,870,0.00689655172413793
"1692","87-3-12-870501",1,286,13,3,879,0.325369738339022
"1693","87-3-12-870501",2,110,13,3,879,0.12514220705347
"1694","87-3-12-870501",12,1,13,3,879,0.00113765642775882
"1695","87-3-12-870505",1,585,17,3,904,0.64712389380531
"1696","87-3-12-870505",2,181,17,3,904,0.200221238938053
"1697","87-3-12-870505",12,115,17,3,904,0.127212389380531
"1698","87-3-12-870511",1,390,23,3,920,0.423913043478261
"1699","87-3-12-870511",2,211,23,3,920,0.229347826086957
"1700","87-3-12-870511",12,44,23,3,920,0.0478260869565217
"1701","87-3-12-870512",1,339,24,3,930,0.364516129032258
"1702","87-3-12-870512",2,411,24,3,930,0.441935483870968
"1703","87-3-12-870512",12,129,24,3,930,0.138709677419355
"1704","87-3-12-870517",1,485,29,3,939,0.516506922257721
"1705","87-3-12-870517",2,67,29,3,939,0.0713525026624068
"1706","87-3-12-870517",12,66,29,3,939,0.0702875399361022
"1707","87-3-12-870522",1,86,35,3,954,0.090146750524109
"1708","87-3-12-870522",2,267,35,3,954,0.279874213836478
"1709","87-3-12-870522",12,41,35,3,954,0.0429769392033543
"1710","87-3-13-870325",1,334,-3,1,756,0.441798941798942
"1711","87-3-13-870325",2,10,-3,1,756,0.0132275132275132
"1712","87-3-13-870325",12,5,-3,1,756,0.00661375661375661
"1713","87-3-13-870331",1,393,3,2,810,0.485185185185185
"1714","87-3-13-870331",2,123,3,2,810,0.151851851851852
"1715","87-3-13-870331",12,0,3,2,810,0
"1716","87-3-13-870406",1,186,9,2,810,0.22962962962963
"1717","87-3-13-870406",2,149,9,2,810,0.183950617283951
"1718","87-3-13-870406",12,0,9,2,810,0
"1719","87-3-13-870412",1,160,15,2,846,0.189125295508274
"1720","87-3-13-870412",2,241,15,2,846,0.284869976359338
"1721","87-3-13-870412",12,0,15,2,846,0
"1722","87-3-13-870419",1,209,21,2,865,0.241618497109827
"1723","87-3-13-870419",2,30,21,2,865,0.0346820809248555
"1724","87-3-13-870419",12,0,21,2,865,0
"1725","87-3-13-870424",1,193,27,2,878,0.219817767653759
"1726","87-3-13-870424",2,223,27,2,878,0.253986332574032
"1727","87-3-13-870424",12,0,27,2,878,0
"1728","87-3-14-870325",1,389,-9,1,775,0.501935483870968
"1729","87-3-14-870325",2,0,-9,1,775,0
"1730","87-3-14-870325",12,0,-9,1,775,0
"1731","87-3-14-870331",1,195,-3,1,755,0.258278145695364
"1732","87-3-14-870331",2,166,-3,1,755,0.219867549668874
"1733","87-3-14-870331",12,102,-3,1,755,0.135099337748344
"1734","87-3-14-870406",1,202,3,2,817,0.247246022031824
"1735","87-3-14-870406",2,54,3,2,817,0.0660954712362301
"1736","87-3-14-870406",12,0,3,2,817,0
"1737","87-3-14-870412",1,381,9,2,849,0.448763250883392
"1738","87-3-14-870412",2,82,9,2,849,0.0965842167255595
"1739","87-3-14-870412",12,0,9,2,849,0
"1740","87-3-14-870421",1,264,15,2,870,0.303448275862069
"1741","87-3-14-870421",2,199,15,2,870,0.228735632183908
"1742","87-3-14-870421",12,0,15,2,870,0
"1743","87-3-14-870424",1,160,21,2,895,0.17877094972067
"1744","87-3-14-870424",2,5,21,2,895,0.00558659217877095
"1745","87-3-14-870424",12,0,21,2,895,0
"1746","87-3-14-870430",1,210,27,2,897,0.234113712374582
"1747","87-3-14-870430",2,185,27,2,897,0.206243032329989
"1748","87-3-14-870430",12,0,27,2,897,0
"1749","87-3-14-870506",1,170,33,2,934,0.182012847965739
"1750","87-3-14-870506",2,117,33,2,934,0.125267665952891
"1751","87-3-14-870506",12,0,33,2,934,0
"1752","87-3-14-870512",1,220,5,3,906,0.242825607064018
"1753","87-3-14-870512",2,0,5,3,906,0
"1754","87-3-14-870512",12,0,5,3,906,0
"1755","87-3-14-870520",1,435,11,3,949,0.458377239199157
"1756","87-3-14-870520",2,144,11,3,949,0.151738672286617
"1757","87-3-14-870520",12,84,11,3,949,0.0885142255005269
"1758","87-3-14-870525",1,382,17,3,940,0.406382978723404
"1759","87-3-14-870525",2,252,17,3,940,0.268085106382979
"1760","87-3-14-870525",12,106,17,3,940,0.112765957446809
"1761","87-3-14-870531",1,406,23,3,964,0.421161825726141
"1762","87-3-14-870531",2,318,23,3,964,0.329875518672199
"1763","87-3-14-870531",12,99,23,3,964,0.102697095435685
"1764","87-3-14-870605",1,351,29,3,970,0.361855670103093
"1765","87-3-14-870605",2,488,29,3,970,0.503092783505155
"1766","87-3-14-870605",12,116,29,3,970,0.119587628865979
"1767","87-3-14-870612",1,249,35,3,985,0.252791878172589
"1768","87-3-14-870612",2,208,35,3,985,0.211167512690355
"1769","87-3-14-870612",12,50,35,3,985,0.050761421319797
"1770","87-3-15-870326",1,181,9,2,794,0.227959697732997
"1771","87-3-15-870326",2,258,9,2,794,0.324937027707809
"1772","87-3-15-870326",12,0,9,2,794,0
"1773","87-3-15-870401",1,184,15,2,775,0.23741935483871
"1774","87-3-15-870401",2,241,15,2,775,0.310967741935484
"1775","87-3-15-870401",12,0,15,2,775,0
"1776","87-3-15-870407",1,321,21,2,833,0.385354141656663
"1777","87-3-15-870407",2,135,21,2,833,0.162064825930372
"1778","87-3-15-870407",12,0,21,2,833,0
"1779","87-3-15-870413",1,332,27,2,855,0.388304093567251
"1780","87-3-15-870413",2,266,27,2,855,0.311111111111111
"1781","87-3-15-870413",12,0,27,2,855,0
"1782","87-3-15-870420",1,239,33,2,880,0.271590909090909
"1783","87-3-15-870420",2,285,33,2,880,0.323863636363636
"1784","87-3-15-870420",12,0,33,2,880,0
"1785","87-3-15-870426",1,394,5,3,896,0.439732142857143
"1786","87-3-15-870426",2,117,5,3,896,0.130580357142857
"1787","87-3-15-870426",12,0,5,3,896,0
"1788","87-3-15-870501",1,272,11,3,895,0.30391061452514
"1789","87-3-15-870501",2,250,11,3,895,0.279329608938547
"1790","87-3-15-870501",12,31,11,3,895,0.0346368715083799
"1791","87-3-15-870507",1,334,17,3,900,0.371111111111111
"1792","87-3-15-870507",2,231,17,3,900,0.256666666666667
"1793","87-3-15-870507",12,36,17,3,900,0.04
"1794","87-3-15-870513",1,152,23,3,940,0.161702127659574
"1795","87-3-15-870513",2,365,23,3,940,0.388297872340426
"1796","87-3-15-870513",12,49,23,3,940,0.0521276595744681
"1797","87-3-15-870519",1,561,29,3,960,0.584375
"1798","87-3-15-870519",2,263,29,3,960,0.273958333333333
"1799","87-3-15-870519",12,159,29,3,960,0.165625
"1800","87-3-15-870526",1,593,35,3,960,0.617708333333333
"1801","87-3-15-870526",2,348,35,3,960,0.3625
"1802","87-3-15-870526",12,132,35,3,960,0.1375
